,SPY,QQQ,IWM,TLT,GLD,HYG,UUP
2018-01-02,236.562149,150.222183,138.884415,99.093933,125.150002,56.092464,20.009977
2018-01-03,238.058502,151.681793,139.028748,99.567711,124.820000,56.362190,20.085232
2018-01-04,239.061783,151.947205,139.398758,99.551910,125.459999,56.458527,20.018339
2018-01-05,240.654922,153.473267,139.687576,99.267647,125.330002,56.497086,20.035061
2018-01-08,241.095047,154.070358,139.904160,99.204453,125.309998,56.452110,20.127041
2018-01-09,241.640778,154.079834,139.714661,97.877853,124.730003,56.278694,20.168852
2018-01-10,241.271057,153.719620,139.732697,97.759422,125.029999,56.156673,20.118679
2018-01-11,243.031372,154.771744,142.133163,98.162094,125.440002,56.342937,20.035061
2018-01-12,244.615723,155.909180,142.728790,98.327942,126.959999,56.246597,19.826015
2018-01-16,243.779526,155.463654,140.905869,98.738602,127.169998,56.214481,19.717308
2018-01-17,246.103134,157.141296,142.241455,98.604324,126.139999,56.220901,19.767481
2018-01-18,245.689560,157.169724,141.266830,97.688332,125.860001,56.163116,19.742395
2018-01-19,246.807220,157.662643,143.125870,97.175079,126.419998,56.220901,19.775843
2018-01-22,248.814041,159.349777,143.892914,97.269783,126.650002,56.272282,19.708948
2018-01-23,249.342148,160.667252,144.353165,97.688332,127.279999,56.439266,19.658775
2018-01-24,249.245377,159.624664,143.459732,97.159264,128.830002,56.355747,19.466454
2018-01-25,249.350952,159.567795,143.513870,97.956795,127.970001,56.317207,19.491539
2018-01-26,252.237946,162.013138,144.028244,97.593575,128.070007,56.362190,19.449728
2018-01-29,250.565613,161.226456,143.216003,96.914436,127.349998,56.163116,19.499899
2018-01-30,247.995575,159.899521,141.844421,96.345886,126.800003,55.970428,19.466454
2018-01-31,248.118805,160.562973,141.104401,96.914436,127.650002,56.066776,19.441368
2018-02-01,247.837112,159.198120,141.546555,95.509903,128.070007,55.961006,19.341024
2018-02-02,242.441666,156.022934,138.821213,94.623627,126.389999,55.606274,19.458092
2018-02-05,232.302185,149.871475,133.487869,95.517822,126.709999,55.296692,19.541712
2018-02-06,236.879044,153.842880,135.085175,94.924370,125.379997,55.632046,19.583519
2018-02-07,235.594040,151.852371,135.220474,94.022247,124.790001,55.425720,19.734032
2018-02-08,226.757126,145.445084,131.249847,93.919411,124.980003,54.941986,19.734032
2018-02-09,230.163361,147.956848,132.450043,93.325935,124.769997,54.787197,19.750755
2018-02-12,233.543167,150.582321,133.704391,93.737427,125.370003,55.161282,19.683865
2018-02-13,234.124115,151.359528,133.993210,94.156792,126.080002,54.987148,19.575157
2018-02-14,237.283951,154.193588,136.402649,93.112274,128.229996,55.083889,19.424641
2018-02-15,240.311691,157.056000,137.891693,93.428810,128.380005,55.528862,19.341024
2018-02-16,240.382172,156.354614,138.379013,93.935219,127.959999,55.754604,19.474815
2018-02-20,238.876968,156.667404,137.241959,93.523758,126.239998,55.561142,19.600243
2018-02-21,237.688751,156.221970,137.386398,92.376350,125.660004,55.309612,19.675499
2018-02-22,237.996857,156.202988,137.169769,92.653320,126.300003,55.348297,19.608604
2018-02-23,241.790344,159.397125,138.956589,93.476265,126.139999,55.715908,19.650415
2018-02-26,244.598099,161.510849,139.868027,93.507896,126.449997,55.812660,19.625328
2018-02-27,241.543854,159.510925,137.855637,93.373383,125.129997,55.664299,19.750755
2018-02-28,239.097046,158.487274,135.680756,93.966873,125.000000,55.580482,19.809290
2018-03-01,235.620453,155.899658,135.319778,94.608330,124.720001,55.212059,19.742395
2018-03-02,236.835022,157.330902,137.485672,93.839203,125.389999,55.522858,19.658775
2018-03-05,239.572281,159.074982,138.712982,93.585480,125.180000,55.522858,19.658775
2018-03-06,240.179596,159.747894,140.210938,93.672722,126.529999,55.600571,19.608604
2018-03-07,240.091644,160.117508,141.447281,93.569626,125.720001,55.464596,19.591881
2018-03-08,241.253418,160.998993,141.158585,94.108810,125.419998,55.529339,19.717308
2018-03-09,245.451828,164.126892,143.414581,93.490356,125.540001,55.730064,19.692223
2018-03-12,245.143799,164.998825,143.667282,94.029495,125.540001,55.639404,19.667137
2018-03-13,243.559479,162.752502,142.999496,94.505295,125.779999,55.464596,19.616966
2018-03-14,242.309647,162.724091,142.322693,95.337753,125.699997,55.399811,19.625328
2018-03-15,242.045593,162.581863,141.609772,95.337753,124.900002,55.438667,19.700584
2018-03-16,242.308044,162.098526,142.403885,94.996834,124.599998,55.555237,19.750755
2018-03-19,239.029572,158.639984,141.032242,94.695534,124.870003,55.328609,19.667137
2018-03-20,239.436127,159.162079,140.996078,94.314941,124.309998,55.438667,19.784203
2018-03-21,238.976486,158.469040,141.817307,94.417999,126.480003,55.458118,19.625328
2018-03-22,233.002823,154.557617,138.707596,95.353668,125.980003,55.127880,19.650415
2018-03-23,228.036469,150.484833,135.722672,95.282242,127.610001,54.985420,19.583519
2018-03-26,234.275299,156.076614,138.689499,94.917549,128.279999,55.341591,19.491539
2018-03-27,230.289871,151.025986,136.003113,95.932495,127.489998,55.289730,19.583519
2018-03-28,229.609421,149.288666,135.957825,96.186211,125.730003,55.263847,19.759117
2018-03-29,232.543274,152.022827,137.332718,96.653984,125.790001,55.451614,19.742395
2018-04-02,227.523880,147.636688,133.986053,96.844666,127.260002,55.236443,19.734032
2018-04-03,230.440094,149.298141,135.903580,96.097786,126.300003,55.392483,19.767481
2018-04-04,232.905609,151.652527,137.631241,95.899124,126.449997,55.515991,19.759117
2018-04-05,234.743652,152.516449,138.770935,95.184021,125.800003,55.561516,19.834375
2018-04-06,229.512207,148.700012,136.003113,96.224907,126.389999,55.437988,19.759117
2018-04-09,230.643402,149.744278,136.165894,96.383865,126.820000,55.646042,19.708948
2018-04-10,234.310654,153.048141,138.734711,96.209030,127.120003,55.847580,19.658775
2018-04-11,233.082291,152.165253,139.033249,96.550697,128.110001,55.867065,19.642050
2018-04-12,234.999924,153.997528,139.982910,95.843498,126.620003,56.068604,19.683865
2018-04-13,234.310654,153.199997,139.250320,96.066017,127.449997,56.101093,19.683865
2018-04-16,236.237106,154.367798,140.534668,96.097786,127.629997,56.185654,19.616966
2018-04-17,238.764481,157.690582,142.063354,96.359970,127.750000,56.211643,19.616966
2018-04-18,238.941162,158.013336,142.443222,95.589249,127.849998,56.153141,19.658775
2018-04-19,237.615662,156.560806,141.457352,94.810570,127.599998,55.977615,19.717308
2018-04-20,235.600784,154.082977,140.697571,94.127190,126.629997,55.841053,19.834375
2018-04-23,235.565521,153.693741,140.489456,94.151009,125.620003,55.691544,19.959805
2018-04-24,232.393066,150.437378,139.684433,93.721954,126.230003,55.581009,19.934719
2018-04-25,232.967438,150.617752,139.476395,93.094231,125.410004,55.587509,20.018339
2018-04-26,235.335739,153.788666,140.118622,93.745804,124.970001,55.782578,20.110317
2018-04-27,235.556702,153.883621,139.919617,94.468880,125.500000,55.756550,20.093594
2018-04-30,233.745056,152.791794,138.680466,94.635727,124.589996,55.717525,20.177210
2018-05-01,234.160477,154.538635,139.358856,94.294930,123.709999,55.758686,20.311003
2018-05-02,232.587448,153.627274,139.883469,94.191360,123.650002,55.739082,20.402983
2018-05-03,232.074844,153.608292,139.123672,94.613426,124.279999,55.732578,20.319363
2018-05-04,235.079422,156.522827,140.860291,94.756783,124.540001,55.771713,20.344450
2018-05-07,235.874832,157.823471,142.054306,94.605461,124.570000,55.823975,20.386257
2018-05-08,235.874832,157.662079,142.759811,94.517914,124.589996,55.739082,20.461515
2018-05-09,238.154770,159.380478,143.528656,93.952492,124.330002,55.830498,20.461515
2018-05-10,240.381592,161.032333,144.297485,94.709015,125.180000,55.993706,20.369535
2018-05-11,241.115005,160.880508,144.577927,94.947868,125.000000,55.974140,20.336088
2018-05-14,241.229965,161.155807,144.026154,94.446220,124.489998,55.987206,20.361176
2018-05-15,239.568619,159.370972,144.053299,93.371140,122.480003,55.712959,20.486601
2018-05-16,240.576019,160.424728,145.554794,93.012794,122.290001,55.784790,20.536776
2018-05-17,240.372803,159.807693,146.224152,92.542969,122.360001,55.817467,20.561859
2018-05-18,239.771881,158.981750,146.414078,93.339302,122.410004,55.758686,20.603664
2018-05-21,241.574570,159.874130,147.381882,93.387054,122.480003,55.837021,20.586948
2018-05-22,240.903015,159.665222,146.314545,93.243713,122.410004,55.876179,20.578581
2018-05-23,241.565781,161.013382,146.504532,93.920624,122.540001,55.921894,20.662199
2018-05-24,241.070892,160.965866,146.558792,94.669182,123.589996,55.954506,20.637112
2018-05-25,240.496490,161.127289,146.296509,95.258492,123.209999,55.863125,20.737457
2018-05-29,237.730560,160.415207,146.097549,97.344879,123.190002,55.628075,20.879610
2018-05-30,240.903015,161.563980,148.413025,96.691902,123.370003,55.797848,20.720736
2018-05-31,239.427277,161.459579,147.228134,96.532631,123.099998,55.745590,20.704010
2018-06-01,241.777847,163.994415,148.195953,96.022568,122.489998,55.872852,20.737457
2018-06-04,242.926666,165.475433,148.982910,95.328140,122.370003,55.990902,20.720736
2018-06-05,243.103363,165.988098,149.905487,95.551636,122.849998,56.056488,20.695650
2018-06-06,245.135849,166.956406,150.990921,94.777397,122.919998,56.194225,20.637112
2018-06-07,245.109329,165.598846,150.167831,95.695320,122.860001,56.213905,20.595304
2018-06-08,245.833939,165.608353,150.620056,95.407959,123.010002,56.181087,20.603664
2018-06-11,246.160934,166.054550,150.846161,95.232353,123.230003,56.286041,20.620392
2018-06-12,246.479095,166.927963,151.533600,95.256294,122.820000,56.331966,20.662199
2018-06-13,245.692535,166.918488,150.936630,95.208420,123.190002,56.351635,20.628754
2018-06-14,246.311188,168.608368,151.741669,95.998619,123.379997,56.515587,20.896336
2018-06-15,245.996964,168.019730,151.786880,96.086426,121.339996,56.482800,20.879610
2018-06-18,245.490997,167.922668,152.501480,95.998619,121.110001,56.476231,20.879610
2018-06-19,244.550064,167.447006,152.510498,96.557396,120.800003,56.397541,20.938145
2018-06-20,244.967239,168.636215,153.740646,95.711304,120.260002,56.456558,20.954868
2018-06-21,243.431610,167.171082,152.302505,96.214127,120.050003,56.338505,20.896336
2018-06-22,243.875427,166.800034,151.795944,96.206154,120.339996,56.345085,20.821077
2018-06-25,240.555557,163.041977,149.317535,96.421677,119.889999,56.213905,20.787630
2018-06-26,241.088226,163.707993,150.185898,96.557396,119.260002,56.207314,20.896336
2018-06-27,239.090988,161.481659,147.779892,97.467270,118.580002,56.089291,21.021761
2018-06-28,240.458038,162.870728,148.232101,97.491280,118.220001,55.931900,21.021761
2018-06-29,240.804108,163.308395,148.132629,97.156013,118.650002,55.800663,20.854523
2018-07-02,241.318954,164.402512,149.154739,97.079987,117.459999,55.854088,20.954868
2018-07-03,240.466873,162.499725,149.749359,97.600021,118.650002,55.860664,20.887970
2018-07-05,242.428665,164.516632,151.455994,97.880005,119.050003,56.071484,20.821077
2018-07-06,244.479004,167.075928,152.735962,98.200012,118.860001,56.216423,20.754183
2018-07-09,246.680466,168.579132,153.698212,97.568016,119.150002,56.302067,20.762543
2018-07-10,247.568115,168.702820,152.999222,97.560036,118.930000,56.308659,20.770906
2018-07-11,245.757294,167.846603,151.701096,97.936043,117.639999,56.223007,20.913057
2018-07-12,247.985306,170.738876,152.436417,97.927986,118.129997,56.400875,20.929783
2018-07-13,248.180588,170.881577,151.982529,98.175980,117.610001,56.400875,20.904696
2018-07-16,247.958618,170.472397,151.392426,97.768028,117.550003,56.361340,20.871246
2018-07-17,248.961700,171.509506,152.064224,97.584000,116.279999,56.381126,20.963228
2018-07-18,249.485443,171.185959,152.490860,97.192024,116.309998,56.407482,20.988316
2018-07-19,248.544510,170.329742,153.571136,97.808006,115.809998,56.381126,21.030121
2018-07-20,248.260483,170.291687,152.944809,96.608002,116.559998,56.407482,20.862888
2018-07-23,248.722031,170.833969,153.135406,95.416008,116.000000,56.387707,20.896336
2018-07-24,249.973633,171.538040,151.501358,95.743996,116.040001,56.506256,20.904696
2018-07-25,252.104004,173.935547,152.055130,95.591965,116.680000,56.611691,20.804354
2018-07-26,251.509323,171.300156,152.872162,95.408020,115.769997,56.618309,20.946501
2018-07-27,249.805038,168.988235,150.021683,95.567978,115.830002,56.598534,20.921419
2018-07-30,248.500214,166.600250,149.059464,95.240044,115.650002,56.618309,20.846161
2018-07-31,249.725098,167.875092,150.575424,95.760017,115.989998,56.736862,20.887970
2018-08-01,249.307785,168.512543,150.475586,94.979851,115.139999,56.787804,20.913057
2018-08-02,250.666031,170.805420,151.574005,95.116150,114.519997,56.820900,21.030121
2018-08-03,251.740082,171.328690,151.047485,95.589241,114.919998,56.867207,21.046848
2018-08-06,252.663315,172.337219,151.891769,95.645332,114.330002,56.973076,21.080294
2018-08-07,253.497650,172.965103,152.254868,95.148247,114.589996,56.999527,21.055208
2018-08-08,253.391205,173.174408,152.118698,95.244461,114.910004,56.966465,21.030121
2018-08-09,253.044922,173.069748,152.509003,96.046219,114.739998,56.926769,21.155550
2018-08-10,251.349533,171.747330,152.082367,96.743851,114.690002,56.827492,21.306063
2018-08-13,250.408615,171.557053,151.192749,96.543365,112.959999,56.787804,21.314426
2018-08-14,252.006424,172.632126,152.690598,96.326897,113.070000,56.887058,21.398046
2018-08-15,250.124603,170.520020,150.775192,96.888130,111.190002,56.787804,21.398046
2018-08-16,252.148468,171.081360,152.173157,96.880089,111.099998,56.860615,21.381323
2018-08-17,253.036102,171.119400,152.826797,97.000359,112.129997,56.926769,21.272617
2018-08-20,253.577606,170.967163,153.253464,97.649841,112.690002,56.953213,21.222446
2018-08-21,254.172348,171.595108,155.014542,97.321060,113.019997,57.039253,21.097017
2018-08-22,254.021347,172.261139,155.395813,97.705940,113.269997,57.059101,21.038486
2018-08-23,253.684021,172.013733,154.923767,97.858284,112.199997,57.052475,21.172274
2018-08-24,255.210861,173.612045,155.767990,98.050735,114.160004,57.151722,21.071934
2018-08-27,257.225891,175.381699,155.994980,97.489449,114.589996,57.171593,20.988316
2018-08-28,257.350159,175.638565,156.140182,96.904175,113.680000,57.145096,20.988316
2018-08-29,258.734894,177.665085,156.594116,97.032425,114.199997,57.112022,20.954868
2018-08-30,257.687286,177.351120,156.467056,97.240921,113.639999,57.065716,20.971590
2018-08-31,257.696259,177.579437,157.066147,97.016426,113.510002,57.138496,21.063572
2018-09-04,257.252472,176.818283,156.367142,96.455490,112.930000,57.019539,21.155550
2018-09-05,256.560089,174.534943,155.949539,96.198341,113.320000,56.959724,21.080294
2018-09-06,255.787811,172.974670,154.896576,96.551918,113.540001,57.006271,21.080294
2018-09-07,255.290756,172.308640,154.814804,95.732224,113.230003,56.946442,21.138828
2018-09-10,255.734573,172.888992,155.005432,96.085808,113.150002,57.059410,21.097017
2018-09-11,256.577759,174.220978,155.259628,95.354607,113.220001,57.072685,21.113743
2018-09-12,256.639984,173.707230,154.887451,95.579590,114.169998,57.205612,21.038486
2018-09-13,258.157928,175.562439,154.923767,95.724243,113.760002,57.311913,20.979952
2018-09-14,258.202271,175.048706,155.577393,95.266174,113.019997,57.365082,21.055208
2018-09-17,256.835266,172.527466,153.925201,95.266174,113.610001,57.325237,20.954868
2018-09-18,258.228790,173.954559,154.569733,94.269745,113.440002,57.318573,20.988316
2018-09-19,258.504059,173.821396,154.006912,93.707230,113.879997,57.212238,20.979952
2018-09-20,260.598969,175.743179,155.432083,94.141151,114.269997,57.291992,20.829439
2018-09-21,260.360809,174.782303,154.687744,94.100937,113.489998,57.305290,20.896336
2018-09-24,259.495880,175.268372,154.115875,93.859894,113.470001,57.278671,20.896336
2018-09-25,259.255219,175.506668,154.351852,93.763474,113.650002,57.232151,20.913057
2018-09-26,258.479431,175.630600,152.941040,94.422401,113.050003,57.291992,20.921419
2018-09-27,259.201630,177.117447,152.950150,94.486687,112.050003,57.398289,21.071934
2018-09-28,259.228424,177.079285,153.414352,94.237579,112.760002,57.438168,21.122105
2018-10-01,260.129059,177.441467,151.393723,93.545738,112.570000,57.604370,21.155550
2018-10-02,259.977448,177.041199,149.755341,94.117584,113.870003,57.557648,21.188999
2018-10-03,260.120148,177.231812,151.066055,92.482605,113.419998,57.404106,21.255896
2018-10-04,258.087067,173.829163,148.945251,91.830269,113.480003,57.190556,21.264257
2018-10-05,256.642609,171.703674,147.598160,91.040985,113.800003,56.936890,21.239170
2018-10-08,256.642609,170.655350,147.288696,90.734955,112.540001,56.810081,21.264257
2018-10-09,256.268036,171.208084,146.715271,91.653099,112.599998,56.896832,21.255896
2018-10-10,248.153793,163.678513,142.501038,91.403397,112.879997,56.489681,21.230808
2018-10-11,242.687744,161.648392,139.779556,92.514877,115.779999,56.536396,21.113743
2018-10-12,246.058350,166.147064,139.806854,92.192703,115.230003,56.836769,21.180637
2018-10-15,244.676224,164.136002,140.325638,92.152382,116.000000,56.796707,21.130466
2018-10-16,250.026260,168.911118,144.394257,92.361816,115.800003,56.990280,21.138828
2018-10-17,250.070862,168.977844,143.775299,91.814148,115.790001,56.876808,21.247532
2018-10-18,246.459641,165.060471,141.081116,91.781937,115.919998,56.636532,21.339512
2018-10-19,246.325897,164.908020,139.588425,91.580612,116.010002,56.669895,21.297705
2018-10-22,245.220215,165.756302,139.287994,91.459808,115.709999,56.696564,21.372961
2018-10-23,243.971848,165.146317,138.041031,91.749741,116.389999,56.643188,21.339512
2018-10-24,236.579788,157.588074,132.843781,92.442368,116.660004,56.362858,21.448215
2018-10-25,240.824219,163.039902,135.720078,92.055779,116.400002,56.476303,21.506750
2018-10-26,236.588730,158.846222,134.236435,92.611473,116.769997,56.222660,21.448215
2018-10-29,235.277954,155.576996,133.499161,92.402107,116.309998,56.169266,21.506750
2018-10-30,238.764450,158.140884,136.284348,91.943039,115.800003,56.302780,21.598732
2018-10-31,241.314575,161.858078,136.557419,91.475929,115.150002,56.302780,21.590370
2018-11-01,243.882675,163.993027,139.706726,91.560699,116.629997,56.561024,21.448215
2018-11-02,242.438141,161.438721,140.170914,90.422348,116.650002,56.527489,21.498388
2018-11-05,243.775665,161.038376,140.061707,90.777527,116.370003,56.574429,21.490028
2018-11-06,245.318298,162.258377,140.753448,90.721046,116.040001,56.722015,21.439856
2018-11-07,250.570251,167.347992,143.274719,90.842140,116.029999,57.050705,21.398046
2018-11-08,250.115555,166.280502,142.892426,90.834061,115.779999,56.909866,21.523472
2018-11-09,247.672272,163.478348,140.243713,91.512245,114.480003,56.587852,21.565285
2018-11-12,243.044525,158.531693,137.467667,92.109627,113.660004,56.239048,21.757607
2018-11-13,242.589645,158.665161,137.030685,92.053154,113.699997,56.145145,21.682352
2018-11-14,240.931213,157.454666,136.029495,92.109627,114.639999,56.037811,21.607094
2018-11-15,243.445709,160.209137,137.968262,92.069290,114.769997,56.024391,21.657265
2018-11-16,244.078796,159.646835,138.295898,92.602127,115.620003,55.856686,21.498388
2018-11-19,239.950424,154.461884,135.492477,92.860474,115.669998,55.682297,21.481665
2018-11-20,235.509857,151.697815,132.880188,92.892799,115.669998,55.507919,21.590370
2018-11-21,236.312347,152.851120,134.737030,92.860474,115.860001,55.789616,21.590370
2018-11-23,234.734055,151.745453,134.609589,92.957375,115.769997,55.481052,21.632177
2018-11-26,238.523682,155.252930,136.357162,92.747498,115.639999,55.742626,21.673988
2018-11-27,239.326157,155.777176,135.228561,92.852394,114.949997,55.715839,21.732519
2018-11-28,244.836731,160.790588,138.568954,92.400322,115.379997,56.178673,21.623819
2018-11-29,244.301743,160.266342,138.195786,92.763626,115.739998,56.192066,21.590370
2018-11-30,245.790802,161.429184,138.914856,93.110779,115.540001,56.078064,21.673988
2018-12-03,249.045486,164.250381,140.243713,93.771889,116.410004,56.466167,21.682352
2018-12-04,240.975815,157.950226,134.272812,95.341759,117.120003,56.115799,21.640541
2018-12-06,240.610184,159.065445,133.981567,95.641174,117.139999,55.920403,21.632177
2018-12-07,235.019470,153.813766,131.087143,95.819221,118.089996,55.812576,21.573645
2018-12-10,235.465240,155.424515,130.704803,96.215721,117.680000,55.853008,21.715799
2018-12-11,235.518768,155.939194,130.568298,96.199593,117.540001,55.954063,21.774332
2018-12-12,236.704727,157.311722,131.815247,95.770622,117.790001,56.135998,21.690714
2018-12-13,236.624405,157.359360,129.949387,95.544083,117.529999,56.270779,21.690714
2018-12-14,232.255188,153.527832,127.983391,95.875839,117.059998,56.034916,21.774332
2018-12-17,227.698730,150.048965,125.133049,96.434219,117.870003,55.671085,21.715799
2018-12-18,227.449036,150.992554,124.977867,97.011765,118.150002,55.570187,21.707432
2018-12-19,224.042816,147.284927,122.375069,98.293358,117.430000,55.069187,21.715799
2018-12-20,220.395859,145.149963,120.356796,97.936447,119.239998,54.588516,21.548561
2018-12-21,215.880066,140.651245,117.233482,97.920219,118.720001,54.317665,21.690714
2018-12-24,210.175888,137.163330,114.959511,98.406906,120.019997,53.911484,21.594362
2018-12-26,220.794998,145.727737,120.484665,97.352455,119.660004,54.818714,21.704235
2018-12-27,222.490097,146.291672,120.986923,97.368660,120.570000,54.784843,21.611265
2018-12-28,222.203110,146.215164,121.334007,98.187920,121.059998,54.866093,21.552107
2018-12-31,224.149323,147.448181,122.283752,98.561035,121.250000,54.906700,21.509844
2019-01-02,224.382523,148.040863,122.977867,99.080139,121.330002,54.832245,21.670427
2019-01-03,219.028168,143.204315,120.776924,100.207649,122.430000,54.859322,21.552107
2019-01-04,226.364655,149.331284,125.288345,99.047668,121.440002,55.780048,21.518295
2019-01-07,228.149475,151.109146,127.480095,98.755676,121.860001,56.321705,21.425329
2019-01-08,230.292969,152.475937,129.434494,98.496101,121.529999,56.687302,21.492941
2019-01-09,231.369263,153.718552,130.502991,98.341972,122.309998,56.754974,21.290098
2019-01-10,232.185425,154.158218,131.178787,97.709320,121.589996,56.978382,21.416872
2019-01-11,232.275085,153.594299,131.215332,98.090569,121.800003,56.795586,21.433779
2019-01-14,230.858032,152.237000,129.909363,97.725578,122.089996,56.612785,21.433779
2019-01-15,233.503830,155.209717,131.005249,97.368660,121.879997,56.802395,21.509844
2019-01-16,234.068878,155.180984,131.982483,97.465958,122.269997,56.890381,21.535198
2019-01-17,235.844727,156.404480,133.178818,97.490364,122.110001,57.046093,21.535198
2019-01-18,238.983856,157.952927,134.548660,96.979324,121.019997,57.208611,21.602816
2019-01-22,235.755020,154.789124,132.420792,97.636307,121.449997,56.829449,21.602816
2019-01-23,236.248337,154.989822,132.055527,97.595779,121.279999,56.944565,21.552107
2019-01-24,236.373856,155.993469,132.849991,98.236565,121.089996,57.005486,21.678879
2019-01-25,238.373962,157.857300,134.557785,97.766121,122.860001,57.147659,21.501392
2019-01-28,236.562225,155.907455,133.836319,97.668732,123.290001,57.059612,21.518295
2019-01-29,236.248337,154.435410,133.516739,98.163506,123.980003,57.025791,21.526749
2019-01-30,239.988358,158.363937,134.977905,98.090569,124.690002,57.479416,21.416872
2019-01-31,242.096039,160.734451,136.128571,98.934113,124.750000,57.621544,21.459131
2019-02-01,242.212616,160.055786,136.238190,98.336601,124.500000,57.593697,21.459131
2019-02-04,243.916626,162.043915,137.863770,97.897575,123.959999,57.729721,21.518295
2019-02-05,244.939194,163.477707,138.009872,98.344749,124.279999,57.933754,21.577459
2019-02-06,244.616196,162.990234,137.836349,98.393494,123.440002,57.879364,21.661976
2019-02-07,242.284302,160.801346,136.703934,99.043938,123.739998,57.682095,21.712687
2019-02-08,242.580338,161.116791,136.850082,99.466675,124.209999,57.668522,21.738041
2019-02-11,242.714844,160.963821,137.991653,99.076447,123.599998,57.695709,21.822561
2019-02-12,245.835983,163.343887,139.717682,98.824402,123.860001,57.974579,21.746494
2019-02-13,246.634247,163.458572,140.110321,98.450432,123.370003,57.892963,21.864819
2019-02-14,246.087143,163.659271,140.429993,99.011360,124.059998,57.899742,21.839462
2019-02-15,248.768768,164.347504,142.667419,99.165840,124.800003,58.083420,21.797207
2019-02-19,249.199326,164.672516,143.060120,99.417839,126.699997,58.103767,21.712687
2019-02-20,249.701569,164.643845,143.735931,99.133301,126.480003,58.151386,21.729591
2019-02-21,248.813644,164.041641,143.187988,98.247185,125.050003,58.096985,21.746494
2019-02-22,250.356384,165.255600,144.430038,98.832527,125.500000,58.212612,21.738041
2019-02-25,250.697128,165.857758,144.466522,98.539833,125.370003,58.260220,21.721142
2019-02-26,250.517807,166.029785,143.471115,99.027657,125.580002,58.335026,21.636621
2019-02-27,250.410172,165.924713,143.672028,97.905724,124.690002,58.355442,21.653526
2019-02-28,249.943710,165.542358,143.178818,97.572418,123.989998,58.321430,21.670427
2019-03-01,251.504333,166.689392,144.512207,96.670540,121.879997,58.486771,21.754946
2019-03-04,250.589462,166.717987,143.206253,97.428200,121.559998,58.397968,21.780304
2019-03-05,250.248703,166.842270,142.539566,97.631874,121.720001,58.370628,21.839462
2019-03-06,248.732941,165.895996,139.745087,97.990364,121.610001,58.274960,21.839462
2019-03-07,246.652206,163.860077,138.521301,98.625839,121.510002,58.233986,22.033857
2019-03-08,246.158875,163.611511,138.484802,99.041298,122.839996,58.138355,21.966240
2019-03-11,249.728500,167.014343,140.904877,98.748001,122.239998,58.329575,21.915531
2019-03-12,250.670135,167.931885,140.977905,99.440475,122.980003,58.432091,21.873270
2019-03-13,252.329468,169.193649,141.534973,99.253151,123.839996,58.589256,21.771851
2019-03-14,252.167999,168.906906,140.959671,98.536171,122.410004,58.548256,21.839462
2019-03-15,253.413849,170.474442,141.334030,99.187920,122.970001,58.602901,21.805656
2019-03-18,254.332687,170.880463,142.238174,99.130898,123.040001,58.582397,21.780304
2019-03-19,254.395706,171.455048,141.516739,98.910942,123.379997,58.616558,21.754946
2019-03-20,253.630081,172.134933,140.337326,99.945610,124.180000,58.869328,21.628168
2019-03-21,256.494720,174.825729,142.177826,100.165543,123.680000,58.855690,21.763399
2019-03-22,251.558136,170.985794,137.004242,101.721565,123.970001,58.643879,21.805656
2019-03-25,251.368912,170.660248,137.608627,101.884575,124.919998,58.623394,21.805656
2019-03-26,253.242737,171.455048,139.055389,101.811226,124.300003,58.766869,21.873270
2019-03-27,251.918396,170.353790,138.515167,102.748108,123.650002,58.807858,21.898628
2019-03-28,252.873413,170.746414,139.751312,103.106575,121.900002,58.924007,21.974693
2019-03-29,254.467896,172.039154,140.181656,103.008789,122.010002,59.074303,22.000048
2019-04-01,257.485657,174.318176,141.710846,101.545692,121.529999,59.059891,21.983147
2019-04-02,257.611816,174.978958,141.344574,101.733452,121.980003,59.087330,22.008503
2019-04-03,258.017120,175.984390,142.077118,100.851692,121.800003,59.107937,21.974693
2019-04-04,258.701782,175.917389,142.773026,101.137436,122.110001,59.197140,22.000048
2019-04-05,259.953949,176.827057,144.109924,101.268089,121.980003,59.306904,22.025404
2019-04-08,260.152100,177.277115,143.871887,100.908844,122.510002,59.272591,21.949339
2019-04-09,258.818878,176.654709,142.113739,101.227249,123.150002,59.231426,21.957790
2019-04-10,259.701691,177.602661,144.045822,101.472198,123.529999,59.492168,21.923983
2019-04-11,259.629700,177.181366,143.862717,100.876167,121.949997,59.581379,21.991596
2019-04-12,261.386292,177.947433,144.384613,100.157692,121.830002,59.670578,21.940884
2019-04-15,261.215027,177.976196,143.917648,100.410759,121.599998,59.629395,21.932434
2019-04-16,261.386292,178.588989,144.256485,99.782097,120.510002,59.595135,21.983147
2019-04-17,260.746674,179.211441,142.937897,99.822929,120.279999,59.451015,21.966240
2019-04-18,261.260101,179.441238,142.516678,100.345436,120.370003,59.478462,22.084568
2019-04-22,261.485321,179.948776,142.141251,99.863731,120.370003,59.375526,22.033857
2019-04-23,263.836578,182.237442,144.283936,100.076019,120.120003,59.581379,22.109924
2019-04-24,263.250946,181.662888,144.732590,100.892494,120.470001,59.499023,22.219795
2019-04-25,263.088867,182.400162,143.533066,100.745560,120.570000,59.526466,22.262054
2019-04-26,264.313995,182.562973,144.924927,101.088455,121.370003,59.677433,22.236700
2019-04-29,264.728333,182.917313,145.620804,100.443451,120.830002,59.649994,22.185989
2019-04-30,264.863464,181.500046,144.943207,100.957817,121.199997,59.656864,22.118374
2019-05-01,262.872620,180.915955,143.569687,101.374252,120.400002,59.461170,22.143730
2019-05-02,262.305023,180.130737,144.238144,100.891495,119.940002,59.502506,22.194441
2019-05-03,264.872559,183.003418,146.994400,101.177887,120.650002,59.654118,22.109924
2019-05-06,263.782501,181.883087,147.159180,101.456116,120.809998,59.681683,22.126825
2019-05-07,259.377380,178.340042,144.247284,102.233406,121.209999,59.323338,22.143730
2019-05-08,259.017059,177.889969,143.542206,101.791557,120.910004,59.344025,22.152182
2019-05-09,258.233337,176.932404,143.020294,102.208839,121.199997,59.254421,22.109924
2019-05-10,259.530609,177.152695,143.414017,102.069733,121.430000,59.419830,22.101469
2019-05-13,253.008453,171.005005,138.844757,102.871544,122.669998,58.875477,22.101469
2019-05-14,255.296600,172.881851,140.593719,102.568840,122.459999,59.006371,22.152182
2019-05-15,256.791992,175.323624,141.051544,103.198837,122.389999,59.061501,22.160633
2019-05-16,259.170197,177.085587,141.930649,102.855186,121.510002,59.240654,22.219795
2019-05-17,257.494690,175.275772,139.952774,103.084312,120.650002,59.219990,22.270508
2019-05-20,255.792068,172.316879,138.982101,102.871544,120.639999,59.164852,22.253603
2019-05-21,258.098267,174.117096,140.850143,102.707924,120.360001,59.350914,22.287411
2019-05-22,257.305450,173.341461,139.668900,103.297066,120.239998,59.399162,22.304314
2019-05-23,254.161545,170.688934,136.793625,104.458870,121.169998,59.102848,22.262054
2019-05-24,254.738113,170.602783,138.075577,104.548866,121.300003,59.020142,22.185989
2019-05-28,252.368866,169.961212,136.976761,105.301598,120.830002,58.965031,22.278959
2019-05-29,250.675308,168.563126,135.832184,105.620758,120.870003,58.806511,22.329670
2019-05-30,251.359970,169.271790,135.456711,106.528900,121.690002,58.930557,22.338121
2019-05-31,247.972763,166.571396,133.561295,107.862556,123.330002,58.503338,22.245152
2019-06-03,247.342255,162.903809,134.028305,108.584045,125.110001,58.597488,22.126825
2019-06-04,252.711243,167.490662,137.498734,107.346001,125.150002,59.185883,22.101469
2019-06-05,254.900269,168.735474,137.526169,106.739311,125.470001,59.324322,22.177536
2019-06-06,256.557709,170.076096,137.169098,107.083679,125.879997,59.448959,22.101469
2019-06-07,259.125183,173.360596,138.139709,108.010162,126.589996,59.601208,22.008503
2019-06-10,260.314392,175.381088,138.954681,106.993484,125.330002,59.691216,22.033857
2019-06-11,260.251190,175.620499,138.542633,107.059090,125.180000,59.774273,22.042307
2019-06-12,259.791809,174.605469,138.698242,107.141045,125.830002,59.635822,22.101469
2019-06-13,260.863770,175.639648,140.163315,107.510025,126.599998,59.774273,22.118374
2019-06-14,260.575531,174.892746,138.936340,107.780594,126.559998,59.732746,22.236700
2019-06-17,260.674591,175.946121,139.894760,107.969154,126.480003,59.642757,22.245152
2019-06-18,263.404053,178.502869,141.521240,108.510246,127.120003,60.058086,22.278959
2019-06-19,263.998657,179.173187,142.026672,108.666016,127.889999,60.341919,22.177536
2019-06-20,266.520935,180.839340,142.697433,108.953003,131.110001,60.646481,22.042307
2019-06-21,266.133636,180.571243,141.466156,107.755943,131.979996,60.452690,21.932434
2019-06-24,265.807739,180.576981,139.747726,108.559456,133.940002,60.445740,21.898628
2019-06-25,263.200684,177.477142,138.893127,108.895592,134.199997,60.189629,21.949339
2019-06-26,262.938232,178.302475,138.571518,108.198677,132.970001,60.161926,21.966240
2019-06-27,263.870605,178.983871,141.172058,108.961182,132.839996,60.328053,21.966240
2019-06-28,265.228363,179.214203,142.890396,108.887398,133.199997,60.348827,21.949339
2019-07-01,267.636230,181.632614,143.441757,108.632767,130.619995,60.366913,22.109924
2019-07-02,268.333221,182.352402,142.568787,109.470650,133.410004,60.499008,22.093018
2019-07-03,270.478668,183.724777,143.588760,110.251007,133.630005,60.728466,22.093018
2019-07-05,270.170807,183.350464,143.974716,108.788849,132.139999,60.485111,22.211346
2019-07-08,268.686310,182.064529,142.605560,108.936661,131.289993,60.366913,22.253603
2019-07-09,269.021301,182.976227,142.798538,108.895599,131.750000,60.297379,22.270508
2019-07-10,270.306610,184.799622,143.046616,108.295937,133.830002,60.464241,22.177536
2019-07-11,270.940216,184.665268,142.348282,106.850113,132.699997,60.346050,22.177536
2019-07-12,272.153351,185.730499,143.450943,106.973343,133.529999,60.443382,22.135279
2019-07-15,272.243744,186.325546,142.697433,107.589439,133.529999,60.485111,22.169083
2019-07-16,271.365784,185.365845,142.651505,107.269066,132.399994,60.359943,22.270508
2019-07-17,269.519104,184.454147,141.631546,108.427376,134.580002,60.283459,22.228245
2019-07-18,270.505859,184.665268,142.164505,108.435577,136.479996,60.311298,22.109924
2019-07-19,269.003143,183.312073,141.346664,108.180946,134.470001,60.207005,22.219795
2019-07-22,269.663910,184.770828,141.217972,108.386284,134.449997,60.408615,22.262054
2019-07-23,271.592041,185.980072,142.155228,107.794838,133.690002,60.512936,22.363476
2019-07-24,272.868378,187.285248,144.507690,108.263039,134.369995,60.561596,22.363476
2019-07-25,271.564911,185.509857,142.761765,107.745522,133.419998,60.478153,22.405737
2019-07-26,273.384430,187.419601,144.452560,108.000206,133.639999,60.610279,22.439541
2019-07-29,272.886505,186.776581,143.487671,108.033035,134.529999,60.519890,22.456448
2019-07-30,272.216583,185.970459,145.040695,108.295937,134.979996,60.547680,22.456448
2019-07-31,269.238464,183.398499,143.864426,109.166733,133.210007,60.443382,22.591673
2019-08-01,266.893982,182.486786,141.778488,111.334778,136.410004,60.413372,22.524057
2019-08-02,264.884369,179.799622,140.207169,112.363663,135.889999,60.322578,22.473349
2019-08-05,256.918579,173.446396,135.998566,114.306267,137.789993,59.694195,22.363476
2019-08-06,260.521240,175.874466,137.248306,115.219894,138.910004,60.078205,22.388830
2019-08-07,260.675171,176.824539,137.211533,115.261009,141.020004,60.071243,22.371929
2019-08-08,265.789642,180.672897,140.170441,115.507996,141.729996,60.308636,22.388830
2019-08-09,263.979126,178.974258,138.406113,115.277534,141.259995,60.224819,22.363476
2019-08-12,260.765656,176.920502,136.614258,117.680977,142.630005,60.015388,22.346573
2019-08-13,264.821014,180.797714,138.084518,117.277679,141.779999,60.280704,22.447994
2019-08-14,256.990967,175.394608,134.225143,119.919899,142.750000,59.743053,22.498707
2019-08-15,257.669830,175.193054,133.692108,121.253365,143.699997,59.917603,22.515608
2019-08-16,261.471741,178.004990,136.577499,120.282066,142.779999,60.120090,22.532515
2019-08-19,264.621826,180.836075,137.955872,118.561729,141.110001,60.294662,22.583223
2019-08-20,262.594208,179.434921,137.055328,119.788231,142.210007,60.343540,22.532515
2019-08-21,264.730469,181.028061,138.185593,118.989777,141.759995,60.601902,22.557869
2019-08-22,264.649078,180.442612,137.863983,118.199631,141.399994,60.713634,22.540964
2019-08-23,257.850861,174.732422,133.636993,120.142082,144.169998,60.434319,22.414186
2019-08-26,260.702362,177.371582,135.107239,119.656525,144.190002,60.734562,22.532515
2019-08-27,259.679352,176.997299,133.104019,121.500275,145.570007,60.706638,22.515608
2019-08-28,261.507904,177.630707,134.656967,121.656700,145.160004,60.853256,22.566320
2019-08-29,264.848175,180.346634,137.018600,121.195717,144.119995,60.916096,22.625483
2019-08-30,264.730469,179.914795,136.770462,121.228668,143.750000,60.860252,22.710001
2019-09-03,263.182556,178.168106,134.767258,121.385414,145.750000,60.685650,22.760712
2019-09-04,266.169739,180.740128,135.851547,121.566765,146.660004,60.811855,22.617031
2019-09-05,269.591492,184.051071,138.378540,119.365082,143.139999,61.050270,22.625483
2019-09-06,269.799744,183.868713,137.744507,120.214371,141.919998,61.106384,22.633936
2019-09-09,269.935577,183.484848,139.591522,118.078720,141.389999,61.169476,22.591673
2019-09-10,269.872101,182.957031,141.374191,116.009087,140.179993,61.204548,22.617031
2019-09-11,271.791229,184.674881,144.268829,115.802933,141.029999,61.197525,22.684645
2019-09-12,272.732666,185.442581,144.305511,115.044350,141.320007,61.232635,22.617031
2019-09-13,272.551514,184.780472,144.553619,112.587112,140.149994,61.120438,22.583223
2019-09-16,271.709808,183.955124,145.095810,114.021881,141.320007,61.337776,22.684645
2019-09-17,272.397675,184.838058,144.719025,114.640312,141.600006,61.372849,22.583223
2019-09-18,272.560577,184.761276,143.827744,115.126808,140.710007,61.337776,22.667742
2019-09-19,272.542480,185.068359,143.129349,115.473083,141.279999,61.267685,22.617031
2019-09-20,271.254822,183.110580,142.826126,116.998611,142.949997,61.344810,22.676193
2019-09-23,271.191223,183.191345,142.715775,116.973808,143.750000,61.316757,22.710001
2019-09-24,269.063171,180.758408,140.561661,118.383904,144.509995,61.232635,22.625483
2019-09-25,270.654602,182.787460,142.101685,116.652298,141.830002,61.169476,22.802971
2019-09-26,270.090729,182.114334,140.515625,117.402611,141.789993,61.127407,22.862133
2019-09-27,268.635712,179.854462,139.390610,117.691254,141.059998,61.057320,22.828327
2019-09-30,269.881622,181.566162,139.556534,117.979820,138.869995,61.127407,22.904392
2019-10-01,266.671417,180.085236,136.817780,118.334999,139.630005,60.986614,22.828327
2019-10-02,261.960724,176.988846,135.785065,118.624077,141.259995,60.627541,22.811422
2019-10-03,264.106934,178.931320,136.236877,119.706192,141.899994,60.662716,22.802971
2019-10-04,267.680878,181.566162,137.527863,120.590057,141.899994,60.852829,22.786066
2019-10-07,266.525940,181.018066,137.288116,119.590530,140.690002,60.803574,22.828327
2019-10-08,262.388123,178.306274,135.056519,119.912689,141.919998,60.578270,22.862133
2019-10-09,264.879944,180.046799,135.674393,119.235374,142.050003,60.761318,22.845228
2019-10-10,266.671417,181.441193,136.218430,117.459419,140.809998,60.838768,22.752260
2019-10-11,269.436035,183.777954,138.523788,116.005623,140.029999,61.092220,22.667742
2019-10-14,269.135895,183.758682,138.016602,116.848160,140.589996,61.134457,22.735355
2019-10-15,271.800476,186.095459,139.602676,115.435753,139.610001,61.268242,22.667742
2019-10-16,271.363922,185.633835,139.750259,115.576103,140.410004,61.218948,22.608578
2019-10-17,272.164246,186.124283,141.400833,115.295296,140.610001,61.303455,22.524057
2019-10-18,270.972900,184.335724,140.727676,115.295296,140.460007,61.317535,22.439541
2019-10-21,272.809937,185.970444,142.046326,114.427971,139.789993,61.338646,22.456448
2019-10-22,271.918701,184.489548,142.203110,115.097076,140.199997,61.352722,22.507158
2019-10-23,272.709808,184.845337,142.378326,115.212708,140.529999,61.409046,22.498707
2019-10-24,273.155457,186.643600,142.175430,114.981400,141.529999,61.479465,22.566320
2019-10-25,274.274017,188.134125,142.931625,114.419731,141.860001,61.528751,22.591673
2019-10-28,275.819855,189.990128,144.167236,113.378944,140.639999,61.521713,22.574772
2019-10-29,275.738098,188.518799,144.637558,113.453270,140.250000,61.409046,22.566320
2019-10-30,276.583923,189.432373,144.158066,115.113556,141.020004,61.331608,22.515608
2019-10-31,275.847168,189.518921,143.346542,116.666512,142.429993,61.120392,22.473349
2019-11-01,278.402679,191.240204,145.790222,116.307358,142.559998,61.382671,22.464897
2019-11-04,279.521271,192.423096,146.574036,114.776550,142.149994,61.509941,22.549416
2019-11-05,279.212036,192.528793,146.758484,113.485733,139.850006,61.446312,22.633936
2019-11-06,279.275696,192.096054,145.910110,114.172516,140.449997,61.375610,22.633936
2019-11-07,280.257812,192.740356,146.297409,112.103836,138.270004,61.347355,22.684645
2019-11-08,280.948944,193.509659,146.693909,111.632248,137.389999,61.403908,22.735355
2019-11-11,280.412506,193.250015,146.417282,111.706688,137.059998,61.368565,22.701550
2019-11-12,281.003571,193.807785,146.463379,112.219734,137.429993,61.382671,22.735355
2019-11-13,281.094482,193.855835,145.836365,112.947876,137.979996,61.319080,22.726904
2019-11-14,281.503723,193.701965,145.790222,114.114616,138.559998,61.283714,22.710001
2019-11-15,283.540680,195.125229,146.546417,113.990479,138.210007,61.467537,22.659288
2019-11-18,283.749939,195.279129,146.177505,114.197342,138.619995,61.389771,22.617031
2019-11-19,283.668030,195.567596,146.721588,115.148918,138.690002,61.170582,22.642385
2019-11-20,282.613190,194.394348,146.168243,116.340469,138.759995,61.043308,22.642385
2019-11-21,282.158417,193.961655,145.449036,115.612312,138.000000,61.057468,22.676193
2019-11-22,282.785980,194.086670,145.900894,115.761192,137.740005,61.290760,22.743809
2019-11-25,284.977631,196.384979,148.999268,116.100479,137.080002,61.453342,22.760712
2019-11-26,285.623199,196.759995,149.100708,116.778984,137.740005,61.524090,22.735355
2019-11-27,286.896454,198.135147,150.151932,116.439781,137.009995,61.601860,22.769163
2019-11-29,285.832428,197.231232,149.174454,116.191490,137.860001,61.467537,22.743809
2019-12-02,283.404419,195.211823,147.717484,114.642319,137.789993,61.425667,22.650835
2019-12-03,281.503723,193.682785,147.247192,117.046089,139.110001,61.340466,22.625483
2019-12-04,283.240601,194.663651,148.261581,115.877357,138.919998,61.525028,22.600126
2019-12-05,283.749939,195.048294,148.409088,115.313744,139.000000,61.617264,22.549416
2019-12-06,286.341705,197.135040,150.142731,114.675484,137.619995,61.702450,22.633936
2019-12-09,285.441345,196.240753,149.856827,114.924133,137.580002,61.702450,22.608578
2019-12-10,285.123077,196.077240,149.949066,114.932404,137.970001,61.851482,22.583223
2019-12-11,285.932526,197.115829,149.903000,115.835983,138.919998,61.979301,22.498707
2019-12-12,288.396851,198.587082,151.193939,113.929489,138.429993,62.121258,22.532515
2019-12-13,288.569794,199.241043,150.613022,115.247398,139.050003,62.185131,22.532515
2019-12-16,290.552185,201.241211,151.674622,114.211342,139.039993,62.305790,22.490253
2019-12-17,290.615845,201.356628,152.433487,114.053818,139.009995,62.497437,22.532515
2019-12-18,290.634064,201.510483,152.729706,113.117203,139.020004,62.610981,22.574772
2019-12-19,291.825317,202.770172,153.386810,113.298180,139.380005,62.578220,22.574772
2019-12-20,293.104736,203.587616,153.608948,113.447685,139.520004,62.485622,22.650835
2019-12-23,293.552582,204.125351,153.914352,113.281540,139.949997,62.514126,22.638769
2019-12-24,293.561676,204.231369,154.266052,113.605339,141.270004,62.563972,22.638769
2019-12-26,295.124420,206.033539,154.266052,113.879318,142.380005,62.656609,22.604284
2019-12-27,295.051300,205.860077,153.507141,114.003914,142.330002,62.628113,22.492208
2019-12-30,293.424530,204.510849,153.118423,113.588783,142.630005,62.585381,22.449106
2019-12-31,294.137390,204.896332,153.331238,112.476250,142.899994,62.642334,22.388760
2020-01-02,296.888153,208.317581,153.433075,113.746498,143.949997,62.905891,22.466349
2020-01-03,294.640045,206.409393,152.831482,115.498238,145.860001,62.841793,22.492208
2020-01-06,295.764130,207.739288,153.035080,114.842361,147.389999,62.777679,22.440485
2020-01-07,294.932495,207.710403,152.526077,114.277786,147.970001,62.720699,22.518074
2020-01-08,296.504395,209.271637,152.998077,113.522339,146.860001,62.777679,22.578423
2020-01-09,298.514893,211.044846,153.183197,113.920868,146.029999,62.941513,22.621525
2020-01-10,297.655792,210.505203,152.609390,114.933701,146.910004,62.962872,22.604284
2020-01-13,299.702881,212.933746,153.599655,114.585007,145.820007,62.962872,22.604284
2020-01-14,299.245911,212.095352,154.164230,115.174454,145.690002,62.955780,22.612904
2020-01-15,299.922241,212.182083,154.904663,115.938217,146.539993,62.970043,22.578423
2020-01-16,302.417114,214.215500,156.903809,115.572945,146.309998,62.991394,22.612904
2020-01-17,303.358276,215.275620,156.478088,114.585007,146.580002,62.941513,22.690495
2020-01-21,302.764313,215.179199,155.182297,115.788788,146.740005,62.806156,22.673250
2020-01-22,302.800842,215.747818,155.080505,116.195633,146.789993,62.920116,22.656010
2020-01-23,303.148102,216.441727,154.978729,117.009163,147.119995,62.727821,22.716358
2020-01-24,300.452271,214.620300,153.072144,117.955627,147.979996,62.464233,22.750839
2020-01-27,295.636108,210.187149,151.332138,119.790382,148.990005,62.043976,22.785324
2020-01-28,298.734100,213.415665,152.590851,118.852264,147.660004,62.578220,22.785324
2020-01-29,298.487427,213.762558,151.720886,120.014549,148.460007,62.542633,22.819811
2020-01-30,299.456116,214.523911,151.720886,120.031166,148.470001,62.606750,22.750839
2020-01-31,294.018677,211.122025,148.574112,121.127022,149.330002,62.350288,22.656010
2020-02-03,296.202850,214.311905,150.230804,121.028908,148.360001,62.340275,22.768085
2020-02-04,300.717285,219.217194,152.498306,119.398949,146.429993,62.712246,22.802567
2020-02-05,304.190063,219.940002,154.849152,118.093369,146.610001,62.969769,22.888777
2020-02-06,305.213562,221.838501,154.497452,118.625580,147.399994,63.019867,22.931883
2020-02-07,303.586853,220.884430,152.600128,120.105835,147.789993,62.926861,22.983610
2020-02-10,305.853241,223.553955,153.460861,120.438461,148.169998,63.012661,23.018093
2020-02-11,306.383270,223.592468,154.525208,119.831375,147.660004,63.055592,22.992229
2020-02-12,308.357239,225.770493,155.589539,119.224335,147.539993,63.220127,23.052576
2020-02-13,308.028290,225.481369,155.996780,119.681740,148.380005,63.241589,23.078442
2020-02-14,308.521729,226.127045,155.395203,120.205620,149.000000,63.234440,23.069820
2020-02-18,307.726654,226.213821,155.061981,121.028908,150.910004,63.105640,23.156029
2020-02-19,309.197968,228.382187,155.857925,121.020584,151.789993,63.134304,23.199135
2020-02-20,307.927765,226.262009,156.237411,121.968567,152.410004,63.241589,23.268103
2020-02-21,304.756561,221.915649,154.654785,123.107826,154.699997,63.184338,23.130165
2020-02-24,294.649231,213.357788,149.999390,124.945694,156.089996,62.504810,23.138786
2020-02-25,285.720673,207.556213,144.668396,125.610947,153.300003,62.068459,23.069820
2020-02-26,284.669769,208.625885,142.993210,124.945694,153.970001,62.132843,23.087061
2020-02-27,271.884766,198.179199,137.958359,126.301109,154.000000,61.295921,22.949125
2020-02-28,270.742462,198.333420,135.431702,129.153519,148.380005,61.546291,22.871534
2020-03-02,282.467407,208.568085,139.781647,128.203186,149.199997,62.013279,22.750839
2020-03-03,274.379578,201.879883,136.930954,130.193695,153.889999,61.747456,22.656010
2020-03-04,285.912628,210.302826,140.827499,128.811234,154.160004,62.595272,22.733599
2020-03-05,276.408417,203.913376,136.347946,132.017578,157.490005,61.804932,22.561178
2020-03-06,271.839050,200.472885,133.645401,138.888290,157.550003,61.107960,22.431864
2020-03-09,250.609970,186.547134,120.651093,142.652573,157.809998,58.478287,22.190474
2020-03-10,263.577698,196.704727,124.418015,135.340378,154.479996,59.376404,22.518074
2020-03-11,250.728699,188.137283,116.504753,130.360153,153.929993,58.083122,22.552559
2020-03-12,226.739716,170.886765,103.630753,131.168076,147.789993,55.762390,22.793947
2020-03-13,246.122833,185.361771,110.572159,128.203186,143.279999,57.515518,23.656046
2020-03-16,219.191147,163.157715,95.902618,136.506363,141.639999,54.354134,22.897398
2020-03-17,231.025772,175.531830,100.298859,127.403748,143.559998,54.864262,23.302586
2020-03-18,219.328247,170.192825,92.524467,120.216644,140.699997,52.442936,23.656046
2020-03-19,219.794296,171.214325,96.134010,123.489502,138.039993,51.264618,24.216412
2020-03-20,210.322449,164.506882,93.847969,132.775391,140.110001,50.115032,24.147444
2020-03-23,204.944855,164.625641,92.459694,138.247009,146.300003,49.310307,24.112961
2020-03-24,223.513565,177.373886,100.918953,135.673599,153.399994,51.343647,23.837086
2020-03-25,226.859573,176.060425,102.173256,135.365463,151.300003,52.787819,23.612942
2020-03-26,240.105896,185.331802,108.528275,136.031693,153.240005,55.201958,23.233618
2020-03-27,232.954147,178.957748,104.579597,139.662750,152.250000,55.345684,23.043955
2020-03-30,240.519547,185.467010,106.883774,138.513412,152.919998,55.819859,23.147409
2020-03-31,236.934540,183.883179,106.344894,137.389175,148.050003,55.374413,23.130165
2020-04-01,226.271255,176.070084,99.097900,139.314102,149.449997,53.854382,23.276720
2020-04-02,231.492584,179.643448,100.036316,140.198166,151.899994,54.273193,23.397415
2020-04-03,228.146561,177.093781,97.202545,140.531662,152.649994,53.110630,23.526733
2020-04-06,243.470291,189.755081,104.644646,140.164749,156.880005,54.403179,23.535351
2020-04-07,243.718414,189.677765,104.914085,138.696915,156.039993,54.403179,23.319826
2020-04-08,251.899689,193.705109,109.698944,137.687683,154.649994,55.818481,23.406036
2020-04-09,255.733017,193.985138,114.948372,137.938004,158.690002,59.472336,23.233618
2020-04-13,253.398117,196.080872,111.835876,136.678604,161.410004,58.620239,23.199135
2020-04-14,260.871490,204.608658,114.102890,136.645248,162.679993,58.865757,23.069820
2020-04-15,255.328568,202.261826,109.448105,140.264893,161.850006,58.316975,23.242239
2020-04-16,256.560272,205.951065,108.621201,141.857788,161.710007,58.259201,23.345690
2020-04-17,263.491394,207.921234,113.406052,139.956253,158.570007,58.555256,23.285345
2020-04-20,258.849182,205.458527,112.068176,141.082169,159.699997,57.674309,23.362932
2020-04-21,250.989716,197.877228,109.392349,142.858597,158.610001,56.620010,23.397415
2020-04-22,256.560272,203.749115,110.720970,141.399094,161.729996,57.118267,23.466385
2020-04-23,256.541901,203.314529,111.807991,142.149765,163.339996,57.089378,23.475006
2020-04-24,260.117767,206.520889,113.731262,142.483307,162.639999,56.555058,23.423281
2020-04-27,263.868225,208.182022,118.237389,139.831131,161.559998,56.786098,23.362932
2020-04-28,262.654816,204.261002,119.956230,141.440781,160.839996,56.959419,23.337070
2020-04-29,269.530853,211.504318,125.856056,140.706894,161.729996,57.963120,23.242239
2020-04-30,267.021301,211.417374,121.071152,139.063828,158.800003,58.078648,23.095682
2020-05-01,259.952240,205.458527,116.267715,140.254730,159.779999,57.076851,23.121546
2020-05-04,260.669312,207.853653,116.769409,139.595016,160.339996,56.997059,23.250860
2020-05-05,263.077728,210.210144,117.670639,138.701477,161.020004,57.490353,23.268103
2020-05-06,261.294373,211.504318,116.806572,136.463348,158.949997,57.163952,23.380177
2020-05-07,264.447388,214.227798,118.404640,138.743164,161.389999,57.308983,23.311209
2020-05-08,268.823059,217.163696,122.975792,136.939392,160.419998,57.853058,23.302586
2020-05-11,268.878082,219.104889,122.362572,135.870499,159.419998,57.591896,23.388796
2020-05-12,263.518982,214.517487,117.967957,137.265106,160.039993,57.519352,23.345690
2020-05-13,258.858398,211.832611,114.019272,138.225449,161.580002,57.214672,23.388796
2020-05-14,261.956238,214.237427,114.390923,139.578308,163.009995,57.018822,23.414660
2020-05-15,263.160431,215.628159,116.211967,139.219177,163.929993,57.098606,23.431902
2020-05-18,271.176178,219.645767,123.273102,136.162796,162.690002,58.106953,23.242239
2020-05-19,268.390930,219.095261,120.838875,136.672134,164.259995,58.179482,23.224997
2020-05-20,272.950409,223.470215,124.499496,137.081375,164.649994,58.796143,23.147409
2020-05-21,271.065918,221.036469,124.722511,137.423767,162.250000,58.781609,23.199135
2020-05-22,271.580780,221.799423,125.326408,138.250458,163.210007,58.926670,23.268103
2020-05-26,274.926697,221.200668,128.940598,136.396561,160.889999,59.369225,23.095682
2020-05-27,279.017334,222.407837,132.945084,136.146027,161.179993,59.492527,23.087061
2020-05-28,278.502563,222.118164,129.795425,135.644974,161.720001,59.550579,22.966366
2020-05-29,279.743530,225.372787,129.052094,136.613663,162.910004,59.789959,22.931883
2020-06-01,280.874237,226.048828,130.287811,135.693924,163.660004,60.242229,22.802567
2020-06-02,283.199890,227.565094,131.365601,135.200516,162.600006,60.839382,22.776705
2020-06-03,286.968781,228.588791,134.533844,133.402771,159.600006,61.123375,22.638769
2020-06-04,286.214966,226.985657,134.338715,131.471268,161.279999,60.934093,22.552559
2020-06-05,293.550568,231.486145,139.532379,130.534729,158.009995,61.509388,22.595663
2020-06-08,297.098816,233.282471,142.236084,131.036423,159.720001,61.582214,22.535316
2020-06-09,294.883484,234.972565,139.606705,132.524918,161.259995,61.101593,22.466349
2020-06-10,293.237976,237.792618,135.815979,134.489822,163.570007,61.014164,22.354275
2020-06-11,276.333130,226.010178,125.456535,137.031799,162.389999,59.448391,22.578423
2020-06-12,279.642426,227.806534,128.466782,135.710571,162.619995,60.038315,22.638769
2020-06-15,282.253082,230.578278,131.436951,135.785904,162.330002,60.620941,22.543936
2020-06-16,287.685791,234.537979,134.597229,133.703812,162.250000,60.868546,22.612904
2020-06-17,286.490784,235.281601,132.164108,134.255661,162.559998,60.584499,22.630148
2020-06-18,286.601074,235.919006,132.117462,135.677185,162.240005,60.562653,22.716358
2020-06-19,284.963196,235.880371,131.436951,135.785904,164.029999,60.358723,22.742220
2020-06-22,286.791260,238.709213,132.751389,135.802597,165.089996,60.315044,22.621525
2020-06-23,288.111542,240.740845,133.310699,134.874435,166.479996,60.402462,22.543936
2020-06-24,280.762207,235.777863,128.985138,136.321014,165.899994,59.783417,22.647390
2020-06-25,283.772156,238.022324,130.933517,136.714081,165.800003,59.805256,22.681871
2020-06-26,277.032135,232.401398,127.409607,138.177399,166.539993,59.237202,22.716358
2020-06-29,281.103851,234.936127,131.576767,137.742554,166.630005,58.902187,22.724979
2020-06-30,284.704681,239.541275,133.478485,137.073654,167.369995,59.441116,22.690495
2020-07-01,286.698944,242.337143,132.210678,136.807388,166.619995,59.626171,22.638769
2020-07-02,288.277710,243.981812,132.751389,136.949692,166.979996,60.064957,22.656010
2020-07-06,292.728119,249.980026,133.711609,136.388794,167.979996,60.496437,22.535316
2020-07-07,289.708862,248.257950,131.343674,138.305893,169.039993,60.094185,22.587042
2020-07-08,291.924774,251.528000,132.322556,137.753311,170.089996,60.255127,22.466349
2020-07-09,290.262848,253.646637,129.647003,139.946793,169.630005,60.123440,22.543936
2020-07-10,293.226624,255.378448,131.735199,139.243439,169.190002,60.328220,22.509455
2020-07-13,290.687592,250.125198,130.066559,139.703934,169.399994,59.999119,22.474970
2020-07-14,294.454590,251.895645,132.220001,139.904785,170.190002,60.511059,22.431864
2020-07-15,297.159760,252.408371,137.067657,139.251831,170.339996,60.854778,22.371517
2020-07-16,296.181122,250.686295,136.256638,139.913223,168.729996,60.913311,22.449106
2020-07-17,297.039825,250.976486,136.657501,139.620255,170.119995,61.081516,22.354275
2020-07-20,299.440308,258.096924,136.070206,139.963470,170.940002,61.447193,22.319790
2020-07-21,300.077362,255.407425,137.999908,140.047150,173.000000,61.732407,22.181854
2020-07-22,301.785522,256.307190,138.074478,140.465790,175.630005,61.856735,22.121508
2020-07-23,298.184601,249.612381,138.214355,142.106537,177.179993,61.812847,22.078403
2020-07-24,296.264221,247.242157,136.182022,142.098206,178.699997,61.871338,21.983574
2020-07-27,298.424713,251.653748,137.599060,141.570786,182.229996,62.017643,21.819773
2020-07-28,296.531952,248.451477,136.228699,142.550201,183.750000,61.856735,21.854258
2020-07-29,300.178955,251.315140,139.230453,142.307449,185.130005,62.200474,21.750803
2020-07-30,299.107910,252.630875,138.680420,143.245010,183.759995,62.332104,21.664595
2020-07-31,301.471527,257.139221,137.375305,143.153030,185.429993,62.449089,21.793911
2020-08-03,303.567383,260.612335,139.612701,142.432297,185.639999,62.464535,21.793911
2020-08-04,304.739990,261.579865,140.572906,143.789948,189.589996,62.442520,21.716320
2020-08-05,306.632721,262.227966,143.369644,142.532806,191.350006,62.552673,21.621489
2020-08-06,308.682465,265.701111,143.313690,143.328934,193.889999,62.692150,21.621489
2020-08-07,308.903992,262.634247,145.588379,142.373566,190.809998,62.537983,21.750803
2020-08-10,309.827332,261.512054,147.098572,141.736633,190.149994,62.567333,21.785288
2020-08-11,307.269806,256.558716,146.250305,140.052002,179.940002,62.001972,21.819773
2020-08-12,311.553802,263.011627,146.846924,138.778198,179.100006,62.016655,21.750803
2020-08-13,310.990570,263.611389,146.539246,137.294739,183.330002,61.847767,21.742184
2020-08-14,310.999817,263.301849,146.445999,136.758484,182.539993,61.737587,21.707699
2020-08-17,311.987762,266.359039,147.201157,137.101990,186.500000,62.104759,21.612869
2020-08-18,312.661774,268.922699,145.793472,138.082626,188.179993,62.200191,21.492174
2020-08-19,311.359894,267.113647,145.802795,137.219345,182.240005,62.023975,21.664595
2020-08-20,312.329376,270.819031,145.206146,138.459763,183.500000,62.229553,21.604248
2020-08-21,313.437378,272.695770,144.134079,139.289429,182.029999,62.222229,21.707699
2020-08-24,316.613403,274.398560,145.644287,139.063141,181.000000,62.508595,21.742184
2020-08-25,317.721375,276.555878,145.802795,137.998764,181.220001,62.574715,21.664595
2020-08-26,320.906708,282.457428,144.889206,137.470734,183.360001,62.567333,21.638733
2020-08-27,321.608398,281.577026,145.243454,135.132584,181.240005,62.471889,21.664595
2020-08-28,323.685883,283.008942,146.473984,135.031982,184.389999,62.523266,21.492174
2020-08-31,322.513214,285.282379,144.898499,135.928772,184.830002,62.435181,21.466311
2020-09-01,325.550812,290.158386,146.557907,137.483429,185.050003,62.775021,21.509417
2020-09-02,330.259583,292.905914,147.723190,138.792313,182.619995,62.848766,21.587006
2020-09-03,318.893951,278.055511,143.360306,139.186661,181.139999,62.458019,21.595625
2020-09-04,316.290283,274.350220,142.446686,136.543732,181.639999,62.288483,21.630110
2020-09-08,307.648285,261.163757,139.705902,137.382736,181.289993,61.941944,21.742184
2020-09-09,313.723541,268.835754,141.822113,137.013565,183.050003,62.428516,21.707699
2020-09-10,308.276123,263.476013,139.976288,137.710022,182.460007,62.133671,21.750803
2020-09-11,308.433167,261.647522,139.044006,138.003632,182.449997,62.258991,21.707699
2020-09-14,312.495605,266.204193,142.707748,137.995300,183.889999,62.192635,21.655973
2020-09-15,314.074402,269.977295,142.978073,137.659668,183.449997,62.362171,21.673214
2020-09-16,312.828033,265.672119,144.329849,137.248535,183.970001,62.362171,21.699078
2020-09-17,310.076630,261.521790,143.276382,137.668030,182.960007,62.295864,21.621489
2020-09-18,306.506805,258.184052,142.903488,137.240143,183.199997,62.141010,21.647352
2020-09-21,303.095490,258.803192,137.897354,137.936462,179.520004,61.639702,21.802532
2020-09-22,306.182281,263.611389,138.960114,137.827408,178.649994,61.853500,21.880117
2020-09-23,299.081696,255.562180,134.820160,138.011948,174.789993,61.226856,22.000813
2020-09-24,299.878876,256.752258,134.820160,138.540619,175.440002,61.263710,21.966330
2020-09-25,304.726929,262.721405,137.009903,138.540619,174.940002,61.153130,22.026676
2020-09-28,309.788300,268.177795,140.388138,138.146255,176.699997,61.551239,21.957708
2020-09-29,308.101227,266.968536,139.751801,138.305695,178.190002,61.602852,21.854258
2020-09-30,310.437195,268.796997,140.172882,136.980026,177.119995,61.853500,21.854258
2020-10-01,312.430237,273.063477,142.409500,137.205963,178.699997,62.066006,21.819773
2020-10-02,309.463806,265.381958,143.036453,136.693573,178.539993,62.066006,21.871498
2020-10-05,314.951569,271.041443,146.985535,134.022720,179.410004,62.532425,21.776669
2020-10-06,310.474213,266.204193,146.564392,134.745010,177.300003,62.391754,21.837013
2020-10-07,315.878571,270.809265,149.764801,133.762329,177.220001,62.613838,21.811150
2020-10-08,318.678070,272.250763,151.467957,134.484680,177.850006,62.754536,21.802532
2020-10-09,321.523804,276.410889,152.254028,134.459366,181.080002,62.895206,21.673214
2020-10-12,326.696411,284.943848,153.274033,134.887787,180.559998,63.213600,21.647352
2020-10-13,324.564392,284.934113,152.254028,135.853745,177.720001,62.932243,21.776669
2020-10-14,322.525024,282.554169,150.747375,136.164459,178.270004,62.776756,21.724943
2020-10-15,322.126465,280.657990,152.300812,135.929291,178.919998,62.732323,21.828394
2020-10-16,321.931763,279.119720,151.926483,135.551300,178.300003,62.658257,21.802532
2020-10-19,317.037323,274.562988,150.111084,135.039001,178.389999,62.436180,21.733562
2020-10-20,318.307281,275.153107,150.438614,133.753937,179.250000,62.658257,21.664595
2020-10-21,317.704681,274.940338,149.147186,133.292038,180.600006,62.650898,21.552523
2020-10-22,319.447540,274.930664,151.720612,131.906189,178.830002,62.761944,21.638733
2020-10-23,320.532013,275.472412,152.600281,132.712494,178.639999,62.835995,21.587006
2020-10-26,314.608521,271.341400,149.306259,133.947098,178.550003,62.280712,21.664595
2020-10-27,313.524078,273.460052,148.024231,134.845825,179.020004,62.310364,21.621489
2020-10-28,302.808136,262.798706,143.466888,134.971832,176.130005,61.792046,21.759424
2020-10-29,305.885712,267.394196,145.179413,133.661606,175.399994,61.969727,21.845634
2020-10-30,302.696899,260.612335,143.261032,132.342911,176.199997,62.102989,21.871498
2020-11-02,306.089661,261.192841,145.815796,133.334198,177.910004,62.250977,21.897362
2020-11-03,311.493958,265.710754,149.951981,132.560654,178.919998,62.786312,21.776669
2020-11-04,318.455597,277.571808,150.120407,135.436218,178.820007,63.373756,21.742184
2020-11-05,324.666382,284.808319,154.322128,135.671707,182.929993,63.596836,21.535278
2020-11-06,324.592194,285.021088,153.114990,134.032104,183.190002,63.373756,21.457687
2020-11-09,328.670959,279.197083,158.664246,131.215469,175.080002,63.857082,21.595625
2020-11-10,328.188904,274.195404,161.612000,130.458694,175.660004,63.767872,21.595625
2020-11-11,330.626923,280.328979,161.546478,130.929504,174.899994,63.745567,21.621489
2020-11-12,327.419434,279.013306,159.066666,133.157669,175.960007,63.314278,21.621489
2020-11-13,331.952484,281.460907,162.360641,132.981018,177.160004,63.529881,21.578384
2020-11-16,336.096069,283.657135,166.225464,132.661606,177.149994,63.886810,21.526657
2020-11-17,334.288422,282.757355,167.002182,133.527588,176.500000,63.909115,21.492174
2020-11-18,330.265320,280.667542,164.662704,133.914352,175.490005,63.790134,21.500793
2020-11-19,331.655762,282.863831,165.926010,134.603729,175.160004,64.005768,21.466311
2020-11-20,329.384674,280.928864,166.103836,135.797836,175.690002,63.886810,21.492174
2020-11-23,331.359131,280.938477,169.210663,135.175583,172.229996,63.983494,21.526657
2020-11-24,336.698547,284.885712,172.392349,133.830322,169.589996,64.176781,21.423208
2020-11-25,336.179474,286.636810,171.802841,133.418304,169.509995,64.147049,21.388721
2020-11-27,337.115784,289.277954,172.532730,134.713135,167.789993,64.251160,21.345617
2020-11-30,335.623352,289.868042,169.397827,134.544983,166.669998,64.184219,21.397343
2020-12-01,339.294159,293.583160,170.969986,132.561188,170.179993,64.349220,21.207682
2020-12-02,340.007904,293.960510,171.147720,131.509079,171.460007,64.528374,21.181818
2020-12-03,339.915253,294.376434,172.111649,132.569626,172.809998,64.565712,21.069746
2020-12-04,342.844452,295.576111,176.116837,130.625366,172.320007,64.834435,21.095608
2020-12-07,342.139954,297.249817,176.285278,131.803696,174.889999,64.804573,21.130093
2020-12-08,343.141052,298.255920,178.549957,132.426575,175.500000,64.752342,21.155954
2020-12-09,340.063538,291.503052,177.249130,131.988907,172.500000,64.655258,21.164576
2020-12-10,339.952362,292.673645,178.961624,133.158783,172.169998,64.774712,21.104227
2020-12-11,339.553680,292.025574,178.082016,133.630112,172.490005,64.707565,21.155954
2020-12-14,338.033417,294.144287,178.290390,133.259811,171.539993,64.722473,21.095608
2020-12-15,342.603424,297.288422,182.749298,132.813705,173.940002,64.924042,21.026640
2020-12-16,343.141052,298.923462,182.092209,132.460175,174.899994,64.826981,21.000778
2020-12-17,345.059937,300.877777,184.260651,132.109711,176.740005,64.923653,20.888702
2020-12-18,343.682190,299.968292,183.368912,131.713730,176.440002,64.976173,20.914566
2020-12-21,342.453339,299.407074,183.274963,132.236053,175.880005,64.743767,20.957670
2020-12-22,341.876160,300.221283,185.358932,132.918503,174.490005,64.826210,21.069746
2020-12-23,342.183380,298.709320,186.935959,132.000137,175.649994,65.118614,20.974913
2020-12-24,343.514648,300.027435,186.813904,132.522522,176.350006,65.253532,20.992157
2020-12-28,346.465729,303.051270,186.119293,132.581573,175.710007,65.335976,20.992157
2020-12-29,345.804749,303.322693,182.514603,132.412964,176.350006,65.253532,20.923187
2020-12-30,346.298065,303.332336,184.373291,132.699478,177.699997,65.388428,20.836977
2020-12-31,348.057587,304.078705,184.044769,132.893173,178.360001,65.440910,20.897324
2021-01-04,343.319153,299.785095,181.641602,132.733170,182.330002,65.305984,20.914566
2021-01-05,345.683624,302.256561,184.448349,131.747421,182.869995,65.328484,20.793873
2021-01-06,347.750366,298.069672,191.995651,129.042892,179.899994,65.208534,20.768009
2021-01-07,352.916962,305.280548,195.412598,127.905434,179.479996,65.395966,20.888702
2021-01-08,354.927917,309.205750,194.990189,127.492699,173.339996,65.493370,20.923187
2021-01-11,352.535400,304.737762,194.821182,127.282013,173.000000,65.141022,21.052502
2021-01-12,352.609833,304.253174,198.313232,127.180809,174.119995,65.223541,20.940432
2021-01-13,353.559418,306.307831,196.895782,128.613144,173.369995,65.418404,21.009399
2021-01-14,352.321259,304.669922,200.829010,127.408340,173.279999,65.403427,20.966291
2021-01-15,349.751892,302.256561,197.834503,127.913925,171.130005,65.298485,21.104227
2021-01-19,352.498199,306.666473,200.369003,128.326721,172.580002,65.485863,21.043882
2021-01-20,357.376221,313.799805,201.251450,128.453094,175.389999,65.605820,21.035261
2021-01-21,357.702057,316.310089,199.505402,127.551605,175.279999,65.568336,20.940432
2021-01-22,356.435974,315.398987,201.824036,127.964417,173.899994,65.440910,20.983536
2021-01-25,357.841736,318.006195,201.626862,129.472626,174.050003,65.455894,21.009399
2021-01-26,357.283142,318.471466,200.228226,129.228241,173.619995,65.358467,20.949051
2021-01-27,348.551025,309.593506,196.557831,129.556870,172.520004,65.171082,21.078365
2021-01-28,351.548615,311.425293,195.928909,128.840683,172.679993,65.365974,21.026640
2021-01-29,344.510712,304.873413,192.962555,128.065521,172.610001,65.193565,21.052502
2021-02-01,350.245270,312.491486,197.703110,128.213989,174.229996,65.402672,21.155954
2021-02-02,355.197876,317.589447,200.519226,127.387360,172.110001,65.560684,21.181818
2021-02-03,355.477142,316.329498,201.120041,126.257050,171.850006,65.613373,21.173197
2021-02-04,359.517426,320.070648,205.222183,125.919624,168.149994,65.748772,21.268026
2021-02-05,360.932404,321.156097,208.066483,124.865288,169.809998,65.846581,21.147333
2021-02-08,363.539062,323.307648,213.379623,125.413475,171.520004,66.042213,21.138712
2021-02-09,363.296967,323.239929,214.384079,125.506340,172.080002,65.921822,21.026640
2021-02-10,363.138672,322.503296,212.975983,126.341400,172.710007,65.906754,21.018017
2021-02-11,363.725220,324.276886,212.731873,125.649666,171.210007,65.936867,21.009399
2021-02-12,365.521881,326.089355,213.332687,124.089218,170.690002,66.042213,21.026640
2021-02-16,365.205383,325.207397,211.990341,122.199730,168.240005,65.936867,21.026640
2021-02-17,365.289124,323.646942,210.328796,122.975792,166.330002,65.914268,21.112850
2021-02-18,363.734467,322.231934,207.071457,122.478096,166.320007,65.824013,21.043882
2021-02-19,363.092163,320.826599,211.389557,120.850136,167.009995,65.831528,20.992157
2021-02-22,360.299377,312.510803,210.019043,119.930695,169.509995,65.628380,20.931810
2021-02-23,360.736908,311.580322,208.169754,119.584831,169.119995,65.786407,20.949051
2021-02-24,364.711945,314.148743,213.088638,118.800400,169.000000,65.854088,20.914566
2021-02-25,355.923981,303.196716,205.212814,116.860313,165.820007,65.229668,20.983536
2021-02-26,354.090088,304.466400,204.931168,120.723572,161.809998,65.034050,21.138712
2021-03-01,362.673309,313.625427,212.215622,119.129128,161.529999,65.764175,21.155954
2021-03-02,359.843231,308.595215,208.132172,119.137596,162.410004,65.666023,21.078365
2021-03-03,355.076813,299.639740,205.879272,117.845436,160.619995,65.454613,21.138712
2021-03-04,350.682800,294.735535,200.124939,117.085381,159.039993,65.205429,21.276648
2021-03-05,357.134247,299.174561,204.367950,117.313400,159.139999,65.401749,21.354239
2021-03-08,355.356110,290.703705,205.334839,116.401283,157.490005,64.926064,21.474934
2021-03-09,360.429688,302.169434,209.652969,118.014359,160.839996,65.016655,21.354239
2021-03-10,362.673309,301.306793,213.295166,118.250839,161.660004,65.220543,21.319752
2021-03-11,366.350372,308.246338,217.988708,117.397812,161.520004,65.462158,21.216301
2021-03-12,366.843842,305.745728,219.274826,114.906479,161.490005,65.280922,21.285271
2021-03-15,369.031525,309.011993,220.053894,115.582130,162.199997,65.288490,21.328373
2021-03-16,368.566132,310.708069,216.374146,115.117630,162.350006,65.137489,21.328373
2021-03-17,369.822815,311.987396,218.073181,114.256172,163.509995,65.228088,21.224924
2021-03-18,364.442017,302.431061,211.436478,113.099190,162.559998,64.729790,21.354239
2021-03-19,363.767700,303.497101,213.032288,113.800163,163.240005,64.978928,21.362860
2021-03-22,366.672394,309.188721,211.427094,115.075409,163.000000,65.212990,21.319752
2021-03-23,363.786316,307.839813,203.757812,116.114166,161.809998,65.280922,21.449068
2021-03-24,361.937042,302.648010,199.045441,116.739136,162.369995,65.318710,21.500793
2021-03-25,363.973206,302.124023,203.764786,115.818565,161.779999,65.431931,21.561142
2021-03-26,369.838623,306.655945,207.479675,115.413200,162.240005,65.628281,21.535278
2021-03-29,369.651733,306.568634,201.639282,114.433533,160.309998,65.666023,21.587006
2021-03-30,368.671173,305.025635,205.034409,115.033173,157.570007,65.507469,21.673214
2021-03-31,370.165466,309.693329,207.790054,114.391327,159.960007,65.824585,21.655973
2021-04-01,374.162933,314.972504,210.423386,116.289833,161.979996,65.963989,21.561142
2021-04-05,379.533295,321.260834,211.580154,115.782478,161.919998,65.994232,21.492174
2021-04-06,379.309113,321.037689,210.959427,116.568932,163.220001,66.107895,21.440447
2021-04-07,379.748108,321.814056,207.554916,115.757111,162.759995,66.085182,21.466311
2021-04-08,381.550690,325.171661,209.313583,116.712738,164.509995,66.107895,21.371481
2021-04-09,384.324677,327.141693,209.341782,116.289833,163.270004,66.062447,21.388721
2021-04-12,384.464722,326.714752,208.523590,116.239197,162.279999,65.994232,21.380100
2021-04-13,385.604156,330.528442,207.978134,117.110184,163.429993,66.039734,21.302511
2021-04-14,384.287292,326.559448,210.028397,116.738106,162.720001,66.009407,21.276648
2021-04-15,388.415527,331.508636,210.940643,118.691628,165.350006,66.274590,21.276648
2021-04-16,389.713776,331.896851,211.279221,117.769821,166.350006,66.138229,21.250788
2021-04-19,387.799072,328.859314,208.532990,117.431580,165.889999,66.032158,21.130093
2021-04-20,384.959839,326.462372,204.263245,117.972740,166.479996,65.918510,21.164576
2021-04-21,388.602264,329.257294,209.257187,118.209610,168.130005,66.138229,21.138712
2021-04-22,385.053162,325.288116,208.391922,118.725464,167.039993,66.016998,21.199059
2021-04-23,389.228058,329.383423,212.323120,118.446381,166.399994,66.191254,21.078365
2021-04-26,390.040558,331.528015,214.533264,118.277306,166.839996,66.160965,21.078365
2021-04-27,389.956543,330.091797,214.853043,117.245537,166.419998,66.070061,21.086985
2021-04-28,389.844482,328.975769,215.219833,117.321648,166.910004,66.198822,21.009399
2021-04-29,392.328857,330.159729,214.420425,116.974892,166.220001,66.274590,21.018017
2021-04-30,389.751068,327.995667,211.504944,117.245537,165.660004,66.244255,21.190439
2021-05-03,390.591705,326.248901,212.539459,117.315857,167.809998,66.270134,21.095608
2021-05-04,388.182037,320.377777,210.000137,118.111977,166.580002,66.232124,21.190439
2021-05-05,388.303406,319.300659,209.163116,118.306755,167.270004,66.361359,21.181818
2021-05-06,391.404297,321.707275,209.341782,118.501472,170.059998,66.338524,21.078365
2021-05-07,394.252899,324.317780,211.975189,117.917107,171.589996,66.384163,20.923187
2021-05-10,390.348816,316.127258,206.586227,116.722931,172.110001,66.232124,20.923187
2021-05-11,386.865051,315.690674,205.927856,116.062347,172.139999,66.163704,20.905947
2021-05-12,378.646027,307.519684,199.241058,114.842812,170.429993,65.844444,21.061123
2021-05-13,383.194489,309.897156,202.908936,115.020645,171.130005,66.080048,21.026640
2021-05-14,389.078552,316.738708,207.865280,116.096268,172.690002,66.292938,20.940432
2021-05-17,388.088593,314.817261,208.147415,115.850601,174.699997,66.171333,20.914566
2021-05-18,384.744965,312.691986,206.567368,115.554222,175.039993,66.011681,20.819736
2021-05-19,383.736206,313.051086,204.978012,115.274704,175.160004,65.836830,20.914566
2021-05-20,387.864380,319.106476,206.341660,116.223267,175.960007,66.118088,20.811115
2021-05-21,387.546906,317.340393,206.877747,116.595924,176.039993,66.216911,20.880083
2021-05-24,391.497681,322.677765,208.222626,117.027885,176.350006,66.292938,20.828356
2021-05-25,390.628998,323.124084,206.209991,118.111977,177.949997,66.300545,20.802492
2021-05-26,391.404297,324.249817,210.056610,117.908661,177.639999,66.323326,20.880083
2021-05-27,391.609741,323.036743,212.219696,117.434334,177.710007,66.292938,20.862841
2021-05-28,392.310181,324.055695,212.078644,117.248070,178.380005,66.270134,20.880083
2021-06-01,391.964661,322.978577,214.486237,117.221741,177.899994,66.469200,20.845596
2021-06-02,392.581116,323.609344,214.740204,117.493179,178.770004,66.553055,20.845596
2021-06-03,391.124054,320.241913,212.943863,117.052162,175.270004,66.415794,20.974913
2021-06-04,394.701202,325.676270,213.865555,118.655106,177.160004,66.560699,20.897324
2021-06-07,394.318298,326.646820,216.733994,118.290482,177.869995,66.583588,20.862841
2021-06-08,394.402313,326.802032,219.028763,119.121582,177.320007,66.629349,20.888702
2021-06-09,393.813934,326.879700,217.571014,120.173302,176.979996,66.682739,20.905947
2021-06-10,395.644531,330.285919,215.957550,120.894257,177.740005,66.804749,20.888702
2021-06-11,396.298279,331.149628,218.236954,120.699165,175.740005,66.827652,20.992157
2021-06-14,397.185577,334.322968,217.596451,119.774689,174.710007,66.766655,20.974913
2021-06-15,396.457001,332.139465,216.974823,119.630478,174.050003,66.759026,20.992157
2021-06-16,394.243500,330.926422,216.513336,119.528725,171.110001,66.667458,21.164576
2021-06-17,394.112762,335.128387,214.083206,121.318268,165.850006,66.713257,21.328373
2021-06-18,388.796051,332.498474,209.223007,123.599747,164.929993,66.682739,21.397343
2021-06-21,394.362061,334.565033,213.697037,121.530342,166.949997,66.812424,21.293892
2021-06-22,396.470367,337.683655,214.667160,121.827141,166.250000,66.858177,21.259407
2021-06-23,395.992493,337.848785,215.373642,121.513397,166.139999,66.789528,21.293892
2021-06-24,398.335114,339.937683,218.415939,121.708435,166.039993,66.995438,21.276648
2021-06-25,399.750000,339.519928,218.783279,120.444702,166.589996,67.064064,21.285271
2021-06-28,400.555878,343.649017,217.050156,121.682991,166.580002,67.056465,21.293892
2021-06-29,400.771393,344.892578,216.014053,121.886635,164.830002,67.140366,21.345617
2021-06-30,401.108765,344.348480,216.042328,122.429382,165.630005,67.147964,21.405962
2021-07-01,403.329498,344.484528,217.944992,122.436150,166.199997,67.279610,21.466311
2021-07-02,406.412354,348.438812,215.872803,123.175003,167.289993,67.386749,21.380100
2021-07-06,405.672119,349.944580,212.736298,124.618752,168.119995,67.348480,21.457687
2021-07-07,407.105743,350.683044,210.758301,125.722710,168.759995,67.371452,21.492174
2021-07-08,403.788666,348.565033,208.818024,126.215340,168.649994,67.226044,21.405962
2021-07-09,408.099030,350.741486,213.226074,124.440346,169.210007,67.340813,21.354239
2021-07-12,409.560822,352.111298,213.405045,124.279015,169.000000,67.317871,21.380100
2021-07-13,408.164642,352.111298,209.383179,123.327896,169.220001,67.118904,21.509417
2021-07-14,408.773682,352.742767,206.152420,124.729080,171.039993,67.226044,21.405962
2021-07-15,407.377502,350.265259,204.984528,126.104904,171.070007,67.180138,21.466311
2021-07-16,404.182159,347.428406,202.460190,125.867104,169.410004,67.088303,21.492174
2021-07-19,398.213257,344.581787,199.427307,128.627197,169.610001,66.636826,21.526657
2021-07-20,403.919861,348.584534,205.615585,127.387276,169.389999,66.973511,21.552523
2021-07-21,407.190125,351.275696,209.157089,125.773674,168.759995,67.134232,21.500793
2021-07-22,408.042786,353.597778,205.832184,126.962631,169.089996,67.172478,21.526657
2021-07-23,412.240784,357.726868,206.792938,126.113388,168.559998,67.302582,21.535278
2021-07-26,413.252686,358.008606,207.395782,125.739723,168.160004,67.203087,21.466311
2021-07-27,411.369293,354.063995,204.975113,127.081505,168.440002,67.111259,21.431828
2021-07-28,411.200623,355.424286,207.989120,127.089996,169.289993,67.164810,21.371481
2021-07-29,412.906006,356.055847,209.590347,126.385170,171.169998,67.310226,21.293892
2021-07-30,410.900818,354.200104,208.205795,126.979607,169.820007,67.218376,21.354239
2021-08-02,410.038696,354.229279,207.169678,128.112137,169.610001,67.051765,21.328373
2021-08-03,413.374573,356.376404,208.026825,128.180252,169.490005,67.128555,21.336996
2021-08-04,411.341187,356.891296,205.436600,128.443802,169.529999,67.005730,21.371481
2021-08-05,413.946136,359.155029,209.128845,127.789093,168.860001,67.159302,21.371481
2021-08-06,414.630219,357.581116,210.409805,125.654961,164.639999,67.082497,21.492174
2021-08-09,414.292816,358.241882,209.251282,125.204224,161.720001,66.928963,21.535278
2021-08-10,414.808258,356.405518,209.665726,124.625999,161.770004,66.775436,21.552523
2021-08-11,415.838989,355.793396,210.692398,124.549561,164.000000,66.882889,21.509417
2021-08-12,417.085236,357.075989,210.193207,124.345413,164.039993,66.998047,21.535278
2021-08-13,417.844238,358.329254,208.281128,126.309593,166.389999,67.143906,21.431828
2021-08-16,418.828125,358.484650,206.340851,126.615692,167.220001,67.166977,21.449068
2021-08-17,416.082642,355.327148,203.825958,126.564713,166.970001,67.013420,21.578384
2021-08-18,411.528625,351.907257,202.045807,126.989876,167.100006,66.859856,21.578384
2021-08-19,412.165771,353.607483,199.625153,127.925125,166.610001,66.852203,21.681837
2021-08-20,415.445374,357.270233,202.997131,128.010193,166.699997,67.013420,21.655973
2021-08-23,419.099884,362.613861,206.858871,127.925125,168.729996,67.220703,21.526657
2021-08-24,419.765167,363.721313,208.893356,126.930321,168.649994,67.312820,21.509417
2021-08-25,420.646027,364.139160,209.628006,125.875984,167.479996,67.381897,21.492174
2021-08-26,418.162842,361.826813,207.405167,126.224533,167.669998,67.343521,21.552523
2021-08-27,421.901611,365.343842,213.254318,127.083382,170.190002,67.527786,21.457687
2021-08-30,423.756958,369.443848,212.378357,127.414978,169.350006,67.612244,21.457687
2021-08-31,423.129211,369.142609,212.792831,126.547661,169.690002,67.627586,21.457687
2021-09-01,423.354095,369.754639,214.224503,126.759659,169.699997,67.685333,21.414585
2021-09-02,424.656525,369.579803,215.712677,127.313057,169.250000,67.770035,21.362860
2021-09-03,424.553467,370.716553,214.714249,126.155212,171.059998,67.777740,21.319752
2021-09-07,423.035431,371.241180,213.235489,125.090988,167.710007,67.600632,21.423208
2021-09-08,422.520050,369.949005,210.909027,125.942398,167.289993,67.677635,21.457687
2021-09-09,420.711548,368.676300,210.805389,127.466270,168.029999,67.739250,21.405962
2021-09-10,417.394470,365.878143,208.742645,126.342522,167.179993,67.639145,21.440447
2021-09-13,418.462708,365.625549,209.929443,127.108719,167.740005,67.808556,21.440447
2021-09-14,416.204437,364.585999,207.254440,128.649689,168.820007,67.777740,21.440447
2021-09-15,419.680786,367.296661,209.128845,128.198532,167.830002,67.877861,21.397343
2021-09-16,419.015533,367.549286,209.279526,127.611023,164.029999,67.854752,21.492174
2021-09-17,414.933899,363.196716,209.552734,126.998032,163.770004,67.770035,21.569763
2021-09-20,408.015198,355.691956,204.570084,128.573044,164.940002,67.531319,21.578384
2021-09-21,407.629761,356.129517,204.880920,128.462402,166.039993,67.646851,21.561142
2021-09-22,411.606201,359.455933,208.064484,129.228607,165.419998,67.770035,21.621489
2021-09-23,416.607147,362.772644,211.747314,126.308464,163.509995,67.800842,21.535278
2021-09-24,417.293365,363.113098,210.726044,125.073952,163.300003,67.700768,21.595625
2021-09-27,416.099640,360.214661,213.928757,124.614189,163.639999,67.639145,21.621489
2021-09-28,407.714355,350.021393,209.063309,122.673119,162.050003,67.331078,21.699078
2021-09-29,408.400635,349.447632,208.619217,122.885963,161.320007,67.454285,21.854258
2021-09-30,403.408966,348.163635,206.663635,122.868896,164.220001,67.377296,21.819773
2021-10-01,408.203186,350.322937,209.998566,123.902908,164.589996,67.538780,21.776669
2021-10-04,402.938965,342.969849,208.090179,123.587593,165.360001,67.299271,21.707699
2021-10-05,407.131500,347.599579,208.808167,122.394112,164.589996,67.268341,21.750803
2021-10-06,408.823639,349.826935,207.721710,123.084572,165.029999,67.229691,21.811150
2021-10-07,412.358093,353.036530,210.924423,121.797394,164.160004,67.237442,21.802532
2021-10-08,411.606201,351.276123,209.337234,120.944984,164.229996,67.036552,21.785288
2021-10-11,408.626312,348.581909,208.137436,120.638062,163.919998,66.827934,21.845634
2021-10-12,407.620422,347.366150,209.280563,122.700996,164.660004,66.951569,21.871498
2021-10-13,409.086884,350.147827,210.272568,123.894394,167.589996,67.129257,21.750803
2021-10-14,415.967987,356.596436,213.390213,124.354752,168.000000,67.507866,21.750803
2021-10-15,419.135864,358.843231,212.719437,123.630165,165.330002,67.391998,21.724943
2021-10-18,420.376740,362.451630,212.596649,124.209808,164.919998,67.361076,21.733562
2021-10-19,423.619904,365.194458,213.390213,122.496452,165.449997,67.407425,21.681837
2021-10-20,425.283722,364.717926,214.807327,121.669510,166.899994,67.430603,21.647352
2021-10-21,426.392975,366.945251,215.355316,121.524612,166.750000,67.260605,21.699078
2021-10-22,425.951080,363.861938,214.845123,122.862991,167.770004,67.098343,21.655973
2021-10-25,428.235443,367.587158,216.885788,122.675430,168.929993,67.214256,21.690456
2021-10-26,428.620850,368.744568,215.251358,123.689842,167.679993,67.229691,21.733562
2021-10-27,426.721985,369.600464,211.292862,125.940277,168.119995,67.175659,21.724943
2021-10-28,430.839294,373.705017,215.506454,125.514061,168.080002,67.345619,21.595625
2021-10-29,431.713654,375.543335,215.449753,125.897644,166.649994,67.167892,21.768047
2021-11-01,432.456177,376.827301,221.033264,124.991241,167.520004,67.095825,21.699078
2021-11-02,434.204773,378.402863,221.496124,125.546021,167.160004,67.258583,21.750803
2021-11-03,436.855591,382.419891,225.454651,124.248604,165.770004,67.390373,21.699078
2021-11-04,438.914307,387.321869,225.369644,125.554535,167.649994,67.568649,21.811150
2021-11-05,440.437195,387.691528,228.449493,127.432281,169.839996,67.824440,21.793911
2021-11-08,440.813141,387.166321,229.158066,127.193344,170.449997,67.739166,21.750803
2021-11-09,439.356171,384.501312,227.825989,128.849167,171.289993,67.793442,21.724943
2021-11-10,435.821625,378.850250,224.235962,126.493423,173.149994,67.413620,21.957708
2021-11-11,435.962585,379.900696,226.040390,126.305672,174.119995,67.297340,22.009436
2021-11-12,439.252686,383.898193,226.267151,125.750885,174.449997,67.320580,21.983574
2021-11-15,439.403137,383.810730,225.369644,124.171806,174.179993,67.243095,22.104265
2021-11-16,441.142212,386.543762,225.785309,123.856041,172.919998,67.274094,22.190474
2021-11-17,440.070587,386.748016,222.828278,124.837555,174.500000,67.204308,22.147371
2021-11-18,441.565308,390.755280,221.883499,125.307068,173.940002,67.150063,22.087025
2021-11-19,440.775696,392.933929,219.861710,126.629990,172.610001,67.095825,22.199099
2021-11-22,439.534698,388.372314,218.926437,125.144890,168.740005,66.840012,22.311169
2021-11-23,440.117584,386.602234,218.548538,123.335335,167.279999,66.747002,22.302547
2021-11-24,441.292633,387.847107,218.784729,125.315575,167.119995,66.731506,22.388760
2021-11-26,431.450409,380.493988,210.537125,128.482162,166.850006,66.250908,22.216339
2021-11-29,436.742767,388.751709,210.404846,127.449425,166.619995,66.661743,22.259443
2021-11-30,428.244843,383.042297,206.115692,129.386917,165.500000,66.382675,22.155994
2021-12-01,423.488251,376.525726,201.476929,130.185013,166.160004,66.392006,22.216339
2021-12-02,429.974579,379.239319,207.098190,130.347473,165.240005,66.881966,22.224962
2021-12-03,426.233215,372.644897,202.846848,131.902771,166.630005,66.881966,22.216339
2021-12-06,431.281189,375.630859,206.918686,130.091049,166.220001,67.177505,22.250824
2021-12-07,440.202209,386.942596,211.718048,129.039932,166.809998,67.535217,22.259443
2021-12-08,441.367798,388.673889,213.163483,126.809570,166.899994,67.519684,22.155994
2021-12-09,438.387939,382.954803,208.335846,127.518845,165.880005,67.216393,22.233582
2021-12-10,442.514679,387.117645,207.759521,127.211174,166.580002,67.371918,22.199099
2021-12-13,438.594788,381.525055,204.723343,129.091248,167.000000,67.371918,22.268064
2021-12-14,435.577209,377.576141,202.960754,128.783554,165.440002,67.255249,22.311169
2021-12-15,442.383087,386.183929,206.182709,127.544464,166.149994,67.511902,22.276686
2021-12-16,438.481903,376.253326,202.013184,127.594055,168.160004,67.461937,22.181854
2021-12-17,433.815216,374.376190,203.870499,129.039948,167.800003,67.399521,22.337034
2021-12-20,429.202301,370.744690,201.008713,128.073196,167.089996,67.282486,22.311169
2021-12-21,436.824463,379.041962,206.751266,127.585556,167.020004,67.641441,22.285309
2021-12-22,441.192169,383.658234,208.741257,128.175858,168.589996,67.820930,22.199099
2021-12-23,443.937286,386.550568,210.409088,127.063690,168.970001,68.016014,22.181854
2021-12-27,450.219971,392.939178,212.380127,127.371613,169.369995,68.086235,22.190474
2021-12-28,449.852020,391.117981,211.081894,126.866783,168.639999,68.055023,22.216339
2021-12-29,450.427521,391.059631,211.309326,125.480927,168.589996,67.945763,22.155994
2021-12-30,449.182312,389.890930,211.252457,126.533218,169.800003,67.914589,22.190474
2021-12-31,448.050262,387.456268,210.797577,126.781311,170.960007,67.898949,22.095644
2022-01-03,450.644348,391.186218,213.517258,123.453255,168.330002,67.867744,22.233582
2022-01-04,450.493561,386.112366,213.194992,122.940018,169.570007,67.696068,22.250824
2022-01-05,441.843048,374.250519,205.974228,122.272697,169.059998,67.173241,22.224962
2022-01-06,441.428009,373.987610,207.149261,122.589180,166.990005,67.181000,22.242201
2022-01-07,439.682709,369.936310,204.751801,121.708023,167.750000,67.009361,22.121508
2022-01-10,439.135620,370.179718,204.041092,122.007462,168.259995,67.063980,22.173233
2022-01-11,443.135498,375.740570,206.211075,122.820183,170.289993,67.376099,22.078403
2022-01-12,444.333466,377.230591,204.675980,122.349602,170.740005,67.485352,21.931845
2022-01-13,438.211212,367.793732,202.799698,123.436218,170.160004,67.243454,21.923225
2022-01-14,438.390411,370.082367,203.083954,121.571091,169.669998,67.181000,21.983574
2022-01-18,430.626678,360.869476,196.943405,119.860085,169.389999,66.853279,22.121508
2022-01-19,426.155273,356.905853,193.740479,120.689949,172.080002,66.790848,22.069782
2022-01-20,421.438538,352.270142,190.234299,121.434296,171.649994,66.666000,22.138748
2022-01-21,413.165405,342.502228,186.671234,122.880066,171.089996,66.673782,22.078403
2022-01-24,414.920013,344.070068,190.973404,121.870552,172.029999,66.603554,22.147371
2022-01-25,409.854340,336.094055,188.424332,121.673813,172.580002,66.408440,22.155994
2022-01-26,408.826080,335.568176,185.704681,120.202309,169.789993,66.182159,22.276686
2022-01-27,406.807281,332.188904,181.487793,122.409531,167.600006,65.893456,22.466349
2022-01-28,416.910522,342.609344,185.022354,122.452377,167.100006,66.080734,22.457727
2022-01-31,424.419464,353.565460,190.698624,121.819267,168.089996,66.096329,22.302547
2022-02-01,427.287292,355.970917,192.707581,121.414886,168.229996,66.358696,22.242201
2022-02-02,431.437988,358.863281,190.793381,121.826118,168.839996,66.460510,22.155994
2022-02-03,421.297058,344.313599,187.182953,120.875130,168.600006,65.865303,22.043919
2022-02-04,423.278076,348.657104,187.988449,119.093124,168.860001,65.606850,22.026676
2022-02-07,421.919678,345.852325,188.917084,119.170227,170.110001,65.559860,22.035299
2022-02-08,425.391205,349.738037,192.138977,118.373466,170.630005,65.489365,22.069782
2022-02-09,431.617249,357.149323,195.787338,118.596214,171.210007,65.833954,22.043919
2022-02-10,423.862915,349.066101,192.783356,116.711472,170.559998,64.964630,22.078403
2022-02-11,415.504913,337.993164,190.831284,118.442017,173.809998,64.737534,22.173233
2022-02-14,414.146423,338.411926,190.167938,116.968498,174.740005,64.627884,22.233582
2022-02-15,420.825348,346.826263,195.266144,115.640533,173.080002,64.737534,22.147371
2022-02-16,421.297058,346.738586,195.673615,116.325912,174.860001,65.097786,22.104265
2022-02-17,412.297516,336.425171,190.660736,117.191238,177.250000,64.823662,22.112886
2022-02-18,409.627869,332.588135,189.021332,118.424934,177.119995,64.917633,22.173233
2022-02-22,405.231873,329.247681,186.358551,118.733330,177.490005,64.768860,22.181854
2022-02-23,398.043640,320.813995,182.871231,117.096970,178.289993,64.651367,22.207718
2022-02-24,404.033844,331.594788,187.666229,117.174095,177.139999,65.113441,22.388760
2022-02-25,412.948425,336.736816,191.892639,117.259720,176.550003,65.481544,22.276686
2022-02-28,411.891968,337.739960,192.669632,119.829933,178.380005,65.528526,22.311169
2022-03-01,405.618591,332.568573,189.040283,121.215363,181.619995,65.345390,22.483589
2022-03-02,413.080536,338.148956,193.541458,117.071892,179.729996,65.502609,22.466349
2022-03-03,411.024048,333.318542,191.248245,118.264305,180.800003,65.306068,22.552559
2022-03-04,407.684631,328.488129,188.253738,120.306061,183.679993,64.881599,22.724979
2022-03-07,395.666412,316.373077,183.572540,119.388092,186.410004,64.315620,22.888777
2022-03-08,392.666565,314.902588,184.586472,118.187126,191.509995,64.087654,22.845673
2022-03-09,403.194275,326.238434,189.788895,117.029060,185.820007,64.622169,22.621525
2022-03-10,401.373657,322.615601,189.447739,115.347610,186.399994,64.079834,22.733599
2022-03-11,396.270172,315.925201,186.424835,115.733643,185.089996,63.616035,22.854294
2022-03-14,393.374023,309.857880,182.615417,113.031410,182.300003,62.861397,22.845673
2022-03-15,402.024506,319.577118,185.524597,112.834053,178.889999,63.333015,22.819811
2022-03-16,410.939178,331.429230,191.361969,113.940735,180.009995,64.221283,22.656010
2022-03-17,416.080383,335.441620,194.365921,113.091438,180.889999,64.661484,22.604284
2022-03-18,420.637573,342.307404,196.412766,114.472572,179.300003,64.873734,22.630148
2022-03-21,420.514526,341.355713,194.678635,111.821831,180.669998,64.126984,22.716358
2022-03-22,425.435181,348.064331,196.630737,110.389183,179.360001,64.457108,22.707735
2022-03-23,419.956299,343.062134,193.219254,112.808357,181.809998,64.252739,22.733599
2022-03-24,426.286804,350.687256,195.441071,111.924751,183.130005,64.386383,22.759460
2022-03-25,428.368652,350.394806,195.706909,110.372040,182.380005,63.922626,22.768085
2022-03-28,431.415649,355.816162,195.773392,111.315689,179.059998,64.323479,22.837051
2022-03-29,436.752625,361.939697,201.014511,112.156387,179.139999,65.117409,22.699116
2022-03-30,434.055786,357.941833,196.979233,113.031410,180.580002,64.920876,22.578423
2022-03-31,427.375092,353.505280,194.899857,113.305885,180.649994,64.685097,22.673250
2022-04-01,428.586334,352.832428,197.083664,113.737221,179.500000,64.680336,22.707735
2022-04-04,432.257812,360.096710,197.406479,112.946793,180.369995,65.169693,22.811188
2022-04-05,426.797852,352.101166,192.735046,110.395073,179.240005,64.325165,22.931883
2022-04-06,422.530151,344.456512,190.000549,109.501495,179.660004,63.820049,22.949125
2022-04-07,424.659271,345.275635,189.383362,108.676697,180.339996,63.717449,22.992229
2022-04-08,423.523743,340.448883,187.873688,107.499626,181.470001,63.330704,22.992229
2022-04-11,416.284790,332.394806,186.610886,105.798462,182.369995,62.896614,23.043955
2022-04-12,414.742310,330.990631,187.199600,105.652420,183.770004,63.378059,23.121546
2022-04-13,419.492554,337.718689,190.760147,105.867203,184.649994,63.756889,23.026714
2022-04-14,414.269196,329.996063,188.908661,103.745071,184.039993,63.330704,23.130165
2022-04-18,414.439514,330.249573,187.636337,103.229546,184.610001,63.228092,23.224997
2022-04-19,421.129669,337.630951,191.377274,102.456299,181.820007,63.172867,23.276720
2022-04-20,420.817383,332.706757,192.108398,104.518311,182.710007,63.370171,23.112923
2022-04-21,414.524689,325.822723,187.807236,103.745071,182.059998,62.936092,23.181890
2022-04-22,403.150543,317.290771,182.945908,103.092056,180.289993,62.557228,23.319826
2022-04-25,405.487701,321.366608,184.056824,104.123093,177.050003,63.086018,23.431902
2022-04-26,393.744446,309.236633,178.255463,105.171272,177.320007,62.715084,23.578459
2022-04-27,394.851593,308.866089,177.514908,103.822357,175.979996,62.407265,23.725016
2022-04-28,404.825348,319.835724,180.828537,103.977013,176.929993,62.754547,23.862951
2022-04-29,389.864685,305.443542,175.606400,102.628120,176.910004,61.981087,23.768120
2022-05-02,392.211548,310.543243,177.448395,100.849167,173.630005,61.985035,23.888813
2022-05-03,394.009399,310.874786,178.967575,101.529106,174.089996,62.309853,23.845709
2022-05-04,406.008240,321.386139,183.743484,102.088493,175.800003,62.943748,23.647425
2022-05-05,391.577515,305.199799,176.290039,99.291451,175.130005,61.826542,23.845709
2022-05-06,389.240295,301.543243,173.356155,97.828339,175.419998,61.477913,23.888813
2022-05-09,376.777771,289.744751,166.064087,98.688995,172.880005,60.828190,23.897434
2022-05-10,377.648376,293.264862,166.111603,99.584045,171.419998,61.176804,23.949162
2022-05-11,371.649017,284.567078,161.981369,101.503250,172.820007,60.812340,23.975023
2022-05-12,371.260986,283.894348,163.880341,101.313911,170.169998,60.788570,24.181929
2022-05-13,380.137177,294.415466,169.073990,99.816429,168.789993,60.859882,24.112961
2022-05-16,378.594666,291.002625,168.266937,99.713142,170.399994,60.772732,24.018129
2022-05-17,386.382477,298.540039,173.413101,98.508255,169.330002,60.717281,23.819847
2022-05-18,370.806793,283.884583,167.336456,100.608200,169.419998,60.218090,23.940542
2022-05-19,368.535736,282.363464,167.611816,100.849167,171.910004,60.622185,23.690533
2022-05-20,368.696686,281.485840,167.184540,101.993835,172.029999,60.582573,23.742258
2022-05-23,375.594940,286.166290,169.206909,100.315590,172.830002,60.820278,23.526733
2022-05-24,372.727783,280.081757,166.700287,102.295067,174.130005,61.184742,23.457762
2022-05-25,376.020782,284.001556,169.700638,102.699547,173.080002,62.111816,23.543974
2022-05-26,383.534149,291.870483,173.489105,102.234802,172.759995,62.975449,23.466385
2022-05-27,392.949554,301.397003,178.160507,102.484390,172.850006,63.538033,23.414660
2022-05-31,390.744812,300.597412,175.948227,100.315590,171.139999,62.991314,23.457762
2022-06-01,387.584290,298.374268,174.951233,100.200912,172.229996,62.758244,23.638807
2022-06-02,394.965210,306.545441,179.223907,100.252655,174.350006,63.020729,23.431902
2022-06-03,388.483246,298.569275,177.609802,100.037140,172.580002,62.551407,23.535351
2022-06-06,389.666046,299.563843,178.378891,98.192093,171.820007,62.082123,23.587080
2022-06-07,393.403809,302.147797,181.255783,99.252563,172.940002,62.225334,23.561216
2022-06-08,389.126678,299.973450,178.454865,98.373138,172.779999,61.692379,23.630186
2022-06-09,379.872101,291.938690,174.755478,98.700775,172.229996,61.199245,23.802605
2022-06-10,368.857452,281.641907,170.014587,98.088608,174.539993,60.157215,23.992268
2022-06-13,354.852570,268.546570,162.027435,95.010666,169.929993,58.144829,24.225035
2022-06-14,353.783325,269.034180,161.246841,93.812271,168.570007,58.526638,24.276758
2022-06-15,358.826996,275.752411,163.607758,95.562485,170.770004,59.664089,24.087097
2022-06-16,346.951202,264.626801,156.029953,96.321167,172.690002,58.717529,23.854332
2022-06-17,347.699219,267.844482,157.248459,96.631554,171.270004,58.900475,24.095718
2022-06-21,356.451996,274.602112,160.066360,94.993408,170.630005,58.860718,24.009508
2022-06-22,355.805817,274.201599,159.761703,97.605804,171.309998,58.844803,23.975023
2022-06-23,359.293610,278.285217,161.675217,98.407631,170.259995,59.266369,24.000887
2022-06-24,370.717010,287.820312,166.682632,97.045418,170.089996,59.687950,23.949162
2022-06-27,369.300934,285.710052,167.301468,96.217712,169.899994,59.322067,23.906055
2022-06-28,361.755096,277.005371,164.159851,96.666054,169.619995,58.669815,24.043993
2022-06-29,361.460449,277.259430,162.493942,98.174820,169.490005,58.582314,24.181929
2022-06-30,358.523804,273.820526,161.227783,99.037003,168.460007,58.550507,24.104338
2022-07-01,362.315735,275.627930,163.179337,100.053787,168.320007,59.109001,24.181929
2022-07-05,363.000000,280.346619,164.531158,100.839920,164.750000,59.053066,24.526770
2022-07-06,364.226013,282.144196,163.312637,99.146713,162.139999,58.829330,24.638842
2022-07-07,369.681000,288.181763,167.177689,98.274178,162.229996,59.788116,24.647463
2022-07-08,369.376953,288.543243,167.158615,97.185707,162.300003,59.836056,24.630222
2022-07-11,365.157318,282.378693,163.798157,98.861649,161.429993,59.500477,24.914715
2022-07-12,361.926086,279.643188,163.236481,99.449066,160.830002,59.740185,24.906094
2022-07-13,360.025360,279.066742,163.093674,100.589386,161.600006,59.676266,24.854368
2022-07-14,359.151031,280.063263,161.418167,99.768677,159.330002,59.564415,25.026789
2022-07-15,366.012665,285.143433,164.778687,100.330223,159.009995,60.323444,24.880230
2022-07-18,362.990570,282.730377,164.312210,99.284927,159.160004,59.740185,24.742294
2022-07-19,372.798309,291.425232,170.109787,98.749321,159.539993,60.531178,24.587118
2022-07-20,375.174103,296.046265,172.775345,99.008484,158.039993,60.794865,24.656086
2022-07-21,378.994568,300.295990,173.660675,100.718956,160.270004,61.513905,24.587118
2022-07-22,375.478271,295.030212,170.890396,102.412170,160.669998,61.434032,24.552633
2022-07-25,375.934448,293.349823,171.775757,101.410049,160.229996,61.418072,24.518148
2022-07-26,371.486725,287.585815,170.719086,101.487793,160.039993,60.986603,24.707808
2022-07-27,381.132904,299.739166,174.603134,100.917671,161.669998,61.657745,24.500906
2022-07-28,385.913208,302.670044,177.002182,101.721069,163.639999,62.288944,24.483664
2022-07-29,391.539368,308.189789,178.258759,101.444611,164.100006,62.472725,24.388834
2022-08-01,390.379944,308.004120,178.192078,103.887749,165.029999,62.491997,24.294003
2022-08-02,387.804443,307.085815,178.020767,101.689529,164.050003,62.203224,24.449179
2022-08-03,393.877258,315.448547,180.638702,103.290604,164.449997,62.748669,24.518148
2022-08-04,393.611176,316.923737,180.257889,103.255997,167.169998,62.917072,24.362970
2022-08-05,392.945953,314.334778,181.638306,100.798119,165.289993,62.596260,24.569872
2022-08-08,392.489716,313.318878,183.561325,102.425156,166.690002,62.652370,24.535389
2022-08-09,390.931183,309.772491,181.057602,102.027077,167.199997,62.187145,24.509527
2022-08-10,399.142273,318.418488,186.226837,101.360657,166.779999,63.117603,24.242277
2022-08-11,399.142273,316.611115,186.921783,98.997978,166.339996,62.756664,24.259516
2022-08-12,405.899384,322.775696,190.739243,100.001945,167.869995,63.318138,24.354347
2022-08-15,407.571960,325.384094,191.415176,99.915367,165.710007,63.205841,24.569872
2022-08-16,408.370300,324.622131,191.339005,100.330795,165.419998,62.909061,24.561253
2022-08-17,405.471680,320.919434,188.121307,99.283600,164.350006,62.259354,24.595737
2022-08-18,406.650146,321.691223,189.368393,99.430725,163.919998,62.355618,24.785398
2022-08-19,401.185577,315.419250,185.303436,97.829636,162.720001,61.721951,24.940578
2022-08-22,392.831879,307.115143,181.485992,97.500786,161.639999,61.024124,25.147482
2022-08-23,391.881500,306.861145,181.781097,96.964211,162.770004,61.176502,25.044029
2022-08-24,393.135986,307.750183,183.170990,96.254547,163.250000,61.248688,25.061270
2022-08-25,398.686157,313.191742,186.017410,97.595978,163.750000,61.826221,25.018166
2022-08-26,385.190948,300.354645,179.905670,98.331627,161.759995,60.807545,25.112995
2022-08-29,382.644012,297.394440,178.249237,97.518105,161.860001,60.574928,25.121618
2022-08-30,378.443390,294.082550,175.755066,97.760422,160.509995,60.109726,25.112995
2022-08-31,375.563782,292.372864,174.688812,96.825768,159.270004,59.780861,25.095757
2022-09-01,376.742279,292.499847,172.784851,95.053032,157.869995,59.938835,25.319902
2022-09-02,372.769714,288.367401,171.442551,95.590759,159.259995,59.898537,25.328522
2022-09-06,371.363190,286.296265,169.748032,93.223114,158.330002,59.737328,25.475080
2022-09-07,378.034760,292.079834,173.441711,94.697472,159.940002,60.599827,25.294039
2022-09-08,380.505707,293.594116,174.888718,93.726089,158.979996,60.865829,25.345764
2022-09-09,386.416931,300.012695,178.401550,93.934265,159.820007,61.107628,25.164724
2022-09-12,390.570038,303.578552,180.562515,93.162392,160.630005,61.293011,25.035412
2022-09-13,373.587067,286.931274,173.498856,93.379196,158.539993,59.898537,25.380249
2022-09-14,375.012573,289.207520,174.174728,93.700096,157.929993,59.987186,25.328522
2022-09-15,370.754944,284.391174,172.908615,93.639397,154.979996,59.608353,25.345764
2022-09-16,367.926544,282.652252,170.395401,92.858833,155.839996,59.809856,25.345764
2022-09-19,370.779755,284.853302,171.851944,93.075653,155.960007,60.035583,25.328522
2022-09-20,366.523743,282.582703,169.509995,92.147682,155.070007,59.422989,25.449217
2022-09-21,360.130157,277.522797,166.920654,93.691422,155.789993,59.245644,25.699224
2022-09-22,357.105164,274.107117,163.160294,91.297760,155.699997,58.890957,25.733709
2022-09-23,351.121918,269.644196,159.276215,91.670639,153.009995,58.141315,26.138897
2022-09-26,347.648346,268.528503,157.095444,89.918816,151.229996,57.456154,26.432011
2022-09-27,346.760925,268.636139,157.631302,87.551125,151.539993,57.335251,26.440634
2022-09-28,353.583954,273.979828,162.616791,90.482552,154.690002,58.358955,26.095793
2022-09-29,346.197937,266.081726,158.970978,90.014183,154.660004,57.810852,25.992340
2022-09-30,340.844482,261.569916,157.813110,88.852051,154.669998,57.544827,25.992340
2022-10-03,349.843140,267.706360,161.994797,90.263855,158.429993,58.298992,25.871645
2022-10-04,360.683624,276.123199,168.415634,90.011765,160.699997,59.554558,25.518185
2022-10-05,359.843811,275.976440,167.171631,89.151085,159.809998,59.319637,25.759573
2022-10-06,356.131805,273.803772,166.233887,88.655579,159.630005,59.141438,26.018206
2022-10-07,346.197937,263.370636,161.344101,87.794914,157.880005,58.420498,26.121656
2022-10-10,343.554535,260.738007,160.444611,86.430061,155.479996,57.707664,26.233730
2022-10-11,341.378845,257.155914,160.492447,86.812561,155.160004,57.885853,26.250973
2022-10-12,340.252808,257.067749,160.052261,87.238548,155.990005,57.983059,26.250973
2022-10-13,349.232452,263.096619,164.013870,86.403969,154.910004,58.112656,26.078550
2022-10-14,341.273895,255.188644,159.621658,85.691109,152.979996,57.926373,26.259592
2022-10-17,350.043640,263.615326,164.712418,85.273827,153.419998,58.639202,25.992340
2022-10-18,354.156464,265.700012,166.664490,85.473785,153.750000,59.052322,25.975098
2022-10-19,351.646759,264.731049,163.832092,83.917656,151.690002,58.485294,26.164761
2022-10-20,348.698120,263.380402,161.745987,82.483238,151.449997,58.161293,26.182003
2022-10-21,357.171967,269.556122,165.257858,80.996666,154.149994,58.720215,25.957857
2022-10-24,361.542450,272.521576,165.965958,80.327263,153.649994,58.760731,25.983719
2022-10-25,367.315796,278.158966,170.492142,82.665810,154.000000,59.327740,25.699224
2022-10-26,364.548431,272.012695,171.334198,83.856796,154.979996,59.489754,25.431974
2022-10-27,362.601654,267.060364,171.372498,84.734825,154.740005,59.927181,25.630259
2022-10-28,371.228241,275.232605,175.267120,84.152390,153.160004,60.388893,25.673365
2022-10-31,368.546783,272.032257,175.429764,83.552536,151.910004,59.481644,25.888889
2022-11-01,366.934082,269.252655,175.668991,84.333351,153.460007,59.839443,25.880268
2022-11-02,357.725433,260.023438,169.841461,83.967346,152.389999,59.294624,25.992340
2022-11-03,354.041931,254.944000,168.702713,83.514191,151.809998,58.871796,26.207867
2022-11-04,359.137787,259.044769,170.980148,82.111084,156.470001,59.278362,25.716471
2022-11-07,362.573090,261.892792,171.755249,81.291916,155.850006,59.270218,25.569910
2022-11-08,364.529358,263.801300,171.822205,82.180817,159.449997,59.213306,25.457840
2022-11-09,357.019287,257.713745,167.104706,82.450974,158.649994,58.505871,25.647501
2022-11-10,376.638977,276.730042,177.391403,85.623161,163.479996,60.327324,25.061270
2022-11-11,380.284241,281.829132,178.845917,85.309433,164.559998,60.538746,24.699188
2022-11-14,377.049255,279.362793,176.845993,85.100296,164.919998,60.091496,24.811262
2022-11-15,380.265167,283.228668,179.467896,86.477234,165.500000,60.620037,24.725054
2022-11-16,377.364227,279.362793,176.310135,88.368332,165.119995,60.489929,24.673328
2022-11-17,376.209595,278.746155,174.673828,87.435860,163.919998,60.229740,24.768158
2022-11-18,377.917725,278.756012,175.802994,86.834534,162.789993,60.359867,24.837124
2022-11-21,376.543549,275.888367,174.884338,87.200562,161.880005,60.335442,25.052649
2022-11-22,381.610687,279.861969,176.750305,88.438072,162.070007,60.774559,24.897470
2022-11-23,384.015472,282.670807,177.209625,89.980583,163.080002,61.116074,24.638842
2022-11-25,383.929535,280.811218,177.582840,89.675583,163.220001,60.994102,24.638842
2022-11-28,377.803162,276.690826,174.003967,89.928291,161.929993,60.351738,24.819885
2022-11-29,377.154297,274.596436,174.511139,88.873787,162.729996,60.611931,24.862989
2022-11-30,389.034821,287.114105,179.295670,89.527397,164.809998,61.522678,24.664705
2022-12-01,388.748566,287.466553,178.903366,92.387459,167.839996,61.750473,24.362970
2022-12-02,388.300140,286.321442,179.946365,93.549271,167.259995,61.701477,24.337107
2022-12-05,381.314819,281.516022,174.989578,92.238953,164.389999,61.113537,24.535389
2022-12-06,375.818207,275.682800,172.310272,93.426979,164.839996,60.893059,24.552633
2022-12-07,375.178925,274.557343,171.803101,95.628357,166.330002,61.227875,24.475042
2022-12-08,378.118073,277.806610,173.047089,95.366264,166.470001,61.276875,24.397453
2022-12-09,375.293427,276.035156,170.922729,92.885391,167.059998,61.276875,24.449179
2022-12-12,380.704163,279.499725,172.932251,93.182365,165.679993,61.513687,24.466423
2022-12-13,383.586029,282.504395,174.364609,94.082146,168.509995,62.150612,24.250898
2022-12-14,381.133575,280.410034,173.220642,94.483994,168.100006,61.799469,24.138823
2022-12-15,371.810425,270.994873,168.885056,94.852623,165.350006,61.566357,24.362970
2022-12-16,367.420776,268.411041,167.625732,93.793060,166.789993,61.237988,24.406073
2022-12-19,364.305145,264.638855,165.357010,92.216858,166.320007,60.926048,24.412163
2022-12-20,364.803619,264.432831,166.231812,90.579369,169.080002,60.770100,24.246922
2022-12-21,370.258301,268.268799,169.096573,90.807053,168.800003,61.287239,24.307800
2022-12-22,364.976166,261.705566,166.885529,90.789505,166.759995,60.909645,24.342587
2022-12-23,367.075623,262.294159,167.644958,89.458519,167.259995,61.065609,24.333891
2022-12-27,365.628052,258.585785,166.520218,87.689636,168.669998,60.433517,24.325193
2022-12-28,361.084106,255.171722,163.934250,87.173012,167.910004,59.620831,24.412163
2022-12-29,367.583740,261.391571,168.087189,88.162544,168.850006,60.392487,24.264315
2022-12-30,366.615448,261.234650,167.616150,87.181763,169.639999,60.441719,24.186041
2023-01-03,365.072052,259.468781,166.693253,88.845535,171.059998,60.556667,24.446949
2023-01-04,367.890503,260.704865,168.769714,90.062714,172.669998,61.254417,24.359982
2023-01-05,363.691620,256.623688,166.962448,90.439270,170.520004,61.131252,24.586102
2023-01-06,372.031799,263.706848,170.711594,92.103035,173.710007,62.001423,24.264315
2023-01-09,371.820892,265.413940,170.999985,92.593407,174.100006,62.223038,24.116468
2023-01-10,374.428436,267.660522,173.528275,91.060974,174.740005,62.149185,24.133860
2023-01-11,379.164185,272.291077,175.691223,92.540855,174.619995,62.559631,24.133860
2023-01-12,380.544617,273.762604,178.642471,94.362259,176.639999,62.912590,23.899046
2023-01-13,382.020905,275.646362,179.815323,93.477844,178.759995,62.912590,23.890348
2023-01-17,381.321075,276.205444,179.594193,92.873619,177.589996,62.699181,23.959923
2023-01-18,375.300812,272.614777,176.690994,95.124115,177.080002,62.773045,23.959923
2023-01-19,372.568695,269.936554,174.999069,94.528633,179.889999,62.403641,23.899046
2023-01-20,379.509308,277.323883,177.883057,92.996208,179.289993,62.526756,23.864258
2023-01-23,384.062897,283.484863,180.084473,92.558372,179.630005,62.518578,23.899046
2023-01-24,383.650635,282.906097,179.699936,93.889397,180.279999,62.559631,23.872955
2023-01-25,383.794464,282.278229,180.199829,94.117088,181.110001,62.551411,23.794685
2023-01-26,388.012543,287.781952,181.266861,93.679237,179.470001,62.707363,23.855562
2023-01-27,388.903992,290.646545,182.247437,93.442795,179.220001,62.518578,23.890348
2023-01-30,384.024536,284.770020,179.709579,93.101295,178.759995,62.173809,23.977318
2023-01-31,389.670990,289.037598,184.073944,93.845604,179.410004,62.658131,23.925137
2023-02-01,393.812256,295.218262,186.967560,94.973740,181.669998,63.316353,23.699017
2023-02-02,399.545044,305.813629,190.649414,95.096649,177.899994,63.679295,23.855562
2023-02-03,395.298187,300.378540,189.370850,93.674416,173.460007,63.011166,24.168652
2023-02-06,392.882477,297.837677,186.631088,92.980865,173.820007,62.606972,24.307800
2023-02-07,398.020752,304.008545,188.015396,92.234627,173.979996,62.829700,24.264315
2023-02-08,393.668488,298.602844,185.265991,92.673584,174.410004,62.565716,24.290405
2023-02-09,390.255737,295.963898,182.583893,91.795654,173.029999,62.161560,24.255617
2023-02-10,391.166443,294.021423,182.949203,90.768471,173.360001,61.683125,24.333891
2023-02-13,395.758301,298.730377,185.150635,91.532295,172.479996,61.839855,24.264315
2023-02-14,395.576233,300.937805,185.064117,91.321594,172.610001,61.856350,24.246922
2023-02-15,396.860840,303.243286,186.938721,90.469994,170.889999,61.757389,24.412163
2023-02-16,391.396484,297.553192,185.150635,89.188248,170.750000,61.262444,24.446949
2023-02-17,390.418701,295.453766,185.660156,89.881798,171.259995,61.501656,24.429556
2023-02-21,382.586517,288.458832,180.180603,88.134758,170.619995,60.553074,24.507828
2023-02-22,382.059357,288.674622,180.670898,88.942413,169.660004,60.948997,24.586102
2023-02-23,384.091614,291.196014,181.959061,89.811546,169.570007,61.551151,24.594797
2023-02-24,379.988647,286.320160,180.257507,88.643929,168.350006,61.179974,24.777431
2023-02-27,381.282806,288.370514,180.891983,88.889755,169.009995,61.592396,24.646978
2023-02-28,379.873596,287.997711,180.901596,89.293610,169.779999,61.476921,24.716555
2023-03-01,378.416382,285.682495,181.132324,88.334290,170.759995,61.302658,24.586102
2023-03-02,381.359436,288.046753,181.564896,87.551025,170.660004,61.377335,24.716555
2023-03-03,387.475647,294.001770,184.093185,89.672020,172.490005,62.008049,24.620886
2023-03-06,387.744080,294.335358,181.401474,88.976738,171.619995,62.008049,24.586102
2023-03-07,381.800446,290.725067,179.296188,89.522392,168.619995,61.568211,24.890491
2023-03-08,382.423615,292.177002,179.382690,89.610420,168.539993,61.277752,24.881794
2023-03-09,375.367981,287.114777,174.393417,89.830444,170.199997,60.937496,24.812220
2023-03-10,369.951569,283.082672,169.365738,92.928337,173.869995,60.945805,24.655676
2023-03-13,369.424225,285.182068,166.606750,93.139587,177.860001,60.613842,24.429556
2023-03-14,375.530914,291.735535,169.692581,91.608200,176.830002,61.053684,24.429556
2023-03-15,373.182220,293.265991,166.895126,93.377174,178.210007,60.854511,24.690462
2023-03-16,379.729767,300.996643,169.173477,92.646713,178.570007,61.252834,24.664371
2023-03-17,375.289642,299.574158,164.607193,94.037262,183.770004,60.887707,24.525223
2023-03-20,378.898346,300.637360,166.741333,93.209984,183.839996,60.721733,24.386072
2023-03-21,383.873505,304.931122,169.817505,92.409103,180.369995,61.385632,24.377375
2023-03-22,377.329773,300.784668,165.001358,93.641212,183.440002,61.443714,24.194740
2023-03-23,378.349884,304.351471,164.268997,93.641212,185.740005,61.203060,24.229527
2023-03-24,380.832642,305.471588,165.754883,94.037262,183.649994,61.078594,24.377375
2023-03-27,381.544739,303.378693,167.597794,91.828217,181.949997,60.929207,24.299103
2023-03-28,380.688202,301.767212,167.356583,91.995461,183.440002,60.895992,24.212133
2023-03-29,386.221497,307.269684,169.257370,91.810631,182.529999,61.659481,24.273012
2023-03-30,388.482910,310.178040,169.025803,92.233063,184.179993,62.024612,24.159952
2023-03-31,393.958466,315.336548,172.132660,93.614815,183.220001,62.696827,24.246922
2023-04-03,395.459656,314.570099,172.209885,94.055092,184.539993,62.648483,24.133860
2023-04-04,393.265656,313.508972,169.189819,94.522720,187.979996,62.465073,24.038195
2023-04-05,392.235931,310.413910,167.530258,95.510918,187.830002,62.114937,24.107771
2023-04-06,393.765961,312.506714,167.781128,95.757942,186.490005,62.390030,24.125164
2023-04-10,394.170105,312.329865,169.575775,94.213905,185.110001,62.331707,24.264315
2023-04-11,394.276001,310.325439,170.916946,94.408012,186.279999,62.465073,24.177345
2023-04-12,392.668945,307.584106,169.662598,94.310974,187.190002,62.448395,24.046892
2023-04-13,397.884674,313.607239,171.910767,93.569839,189.720001,62.873550,23.933834
2023-04-14,396.912720,313.017700,170.309097,92.713966,186.360001,62.756844,24.072985
2023-04-17,398.336975,313.282959,172.499344,91.611099,185.529999,62.590107,24.194740
2023-04-18,398.596710,313.302582,171.765991,91.937508,186.250000,62.631794,24.107771
2023-04-19,398.529419,313.155243,171.987961,91.849274,185.360001,62.381710,24.159952
2023-04-20,396.354645,310.767548,171.100266,92.634560,186.089996,62.323360,24.159952
2023-04-21,396.662537,311.091888,171.322189,92.113991,184.250000,62.515079,24.133860
2023-04-24,397.076324,310.443390,171.206390,93.005142,184.809998,62.690163,24.055590
2023-04-25,390.773224,304.587219,166.980286,94.372726,185.750000,62.590107,24.168652
2023-04-26,389.118042,306.434479,165.368927,93.366882,184.740005,62.348362,24.090378
2023-04-27,396.864594,314.766693,167.578506,92.440453,184.750000,62.556801,24.099073
2023-04-28,400.251923,316.938110,169.045090,93.931564,184.800003,62.823521,24.133860
2023-05-01,399.847748,316.574554,169.141571,91.223061,183.970001,62.535511,24.255617
2023-05-02,395.353790,313.813568,165.668030,93.496376,187.520004,62.476933,24.194740
2023-05-03,392.640045,311.760010,166.275925,94.018242,189.110001,62.443424,24.064287
2023-05-04,389.859009,310.659485,164.413727,93.089500,190.440002,62.259228,24.090378
2023-05-05,397.076324,317.262421,168.321442,92.779915,187.460007,62.594135,24.055590
2023-05-08,397.182129,318.048462,167.935501,91.479599,187.690002,62.418312,24.090378
2023-05-09,395.440399,316.034241,167.433762,91.152321,189.020004,62.259228,24.168652
2023-05-10,397.287994,319.473175,168.282867,92.036865,188.750000,62.635998,24.125164
2023-05-11,396.595154,320.514709,166.989929,93.009865,187.130005,62.535511,24.281710
2023-05-12,396.075531,319.365112,166.652206,92.231483,186.809998,62.309464,24.438253
2023-05-15,397.442017,321.094452,168.688080,91.276154,187.210007,62.292728,24.368679
2023-05-16,394.786011,321.458038,166.227676,91.001945,184.869995,61.857342,24.429556
2023-05-17,399.578339,325.348969,169.932785,90.736610,184.229996,62.024799,24.473040
2023-05-18,403.427521,331.391693,170.965210,90.064339,181.839996,62.058296,24.655676
2023-05-19,402.840515,330.645020,169.923126,89.427460,183.639999,62.125263,24.586102
2023-05-22,403.004089,331.755341,171.997589,89.109024,183.210007,62.401558,24.603495
2023-05-23,398.481232,327.549866,171.187119,89.365555,183.429993,62.075031,24.673071
2023-05-24,395.594391,325.869720,169.373138,88.923286,181.949997,61.639645,24.760036
2023-05-25,399.020142,333.799072,168.051285,88.702118,180.199997,61.597782,24.873098
2023-05-26,404.187714,342.327789,169.961746,89.418602,180.919998,61.974537,24.864401
2023-05-30,404.341675,343.880249,169.334564,90.311996,182.039993,62.242485,24.838308
2023-05-31,402.099548,341.924927,167.665359,91.099243,182.320007,62.049911,24.881794
2023-06-01,405.919922,345.874908,169.479279,91.456680,183.759995,62.422592,24.586102
2023-06-02,411.789948,348.468842,175.625504,90.454491,181.050003,62.742283,24.847008
2023-06-05,411.000885,348.714508,173.271240,90.285973,182.139999,62.691792,24.803524
2023-06-06,411.895874,348.655518,177.835083,90.818130,182.339996,62.792747,24.881794
2023-06-07,410.471619,342.740509,181.162415,89.470039,180.149994,62.447857,24.890491
2023-06-08,412.954376,346.994995,180.485138,90.516571,182.529999,62.843235,24.690462
2023-06-09,413.695282,348.321503,179.024170,90.392372,182.039993,62.860062,24.768736
2023-06-12,417.448303,354.207123,179.769180,90.658470,181.880005,62.792747,24.777431
2023-06-13,420.200531,356.928772,181.830032,89.762703,180.539993,62.868488,24.699158
2023-06-14,420.700958,359.522797,179.875610,90.481094,180.639999,62.893723,24.577404
2023-06-15,425.916626,363.806793,181.355942,91.350220,181.910004,63.196571,24.438253
2023-06-16,424.465881,361.517395,179.904602,90.995476,181.630005,63.036732,24.481735
2023-06-20,422.263672,360.999847,179.120941,91.625198,179.750000,62.868488,24.551313
2023-06-21,420.100067,356.080292,178.704849,91.846909,179.490005,62.708607,24.438253
2023-06-22,421.616516,360.281616,177.379333,90.738281,177.710007,62.523552,24.525223
2023-06-23,418.429108,356.710083,174.708923,91.642921,178.199997,62.414188,24.655676
2023-06-26,416.719513,351.928101,174.883072,91.740486,178.509995,62.447857,24.629585
2023-06-27,421.288116,357.979248,177.408386,91.501030,177.690002,62.658165,24.568705
2023-06-28,421.500641,358.677826,178.279144,91.891228,177.279999,63.019905,24.681767
2023-06-29,423.161896,357.959534,180.330368,90.232750,177.089996,62.851650,24.786127
2023-06-30,428.155548,363.479370,181.191467,91.297028,178.270004,63.154476,24.681767
2023-07-03,428.648102,364.335388,181.559113,90.779472,178.470001,63.055557,24.707855
2023-07-05,428.010681,364.325531,179.749832,89.916832,177.839996,62.861015,24.820917
2023-07-06,424.659058,361.550812,176.847183,88.645149,177.309998,62.404266,24.760036
2023-07-07,423.586945,360.350464,178.714539,88.111565,178.639999,62.463490,24.551313
2023-07-10,424.659058,360.468536,181.771973,88.227180,178.779999,62.776413,24.490433
2023-07-11,427.363464,362.249420,183.639359,88.680740,179.449997,63.114754,24.429556
2023-07-12,430.802032,366.824677,185.642136,89.667847,181.880005,63.605320,24.142559
2023-07-13,434.221252,373.052856,187.141846,90.610504,182.009995,63.985931,23.977318
2023-07-14,433.950806,372.974213,185.313187,90.076912,181.429993,63.520744,24.020803
2023-07-17,435.457550,376.457214,187.296631,90.121384,181.559998,63.639164,23.994711
2023-07-18,438.693298,379.536926,189.609070,90.530457,183.639999,63.816792,24.012106
2023-07-19,439.668823,379.448303,190.412125,91.553154,183.669998,63.867512,24.107771
2023-07-20,436.751892,370.701294,188.747955,90.441528,182.740005,63.588409,24.246922
2023-07-21,436.751892,369.589539,188.148071,90.468224,182.179993,63.749130,24.316494
2023-07-24,438.702911,370.179901,188.612503,90.139183,181.399994,63.639164,24.403463
2023-07-25,439.900635,372.688782,188.593155,89.970207,182.410004,63.596882,24.377375
2023-07-26,439.968292,371.449036,190.083176,90.059143,183.300003,63.850613,24.307800
2023-07-27,437.051270,370.563538,187.625595,88.307205,180.419998,63.343090,24.533916
2023-07-28,441.330170,377.313263,190.054123,88.760757,181.860001,63.706810,24.499132
2023-07-31,442.170441,377.510040,192.260132,88.974213,182.350006,63.859081,24.542614
2023-08-01,440.905151,376.634338,191.379669,87.516182,180.460007,63.542919,24.655676
2023-08-02,434.771790,368.369476,188.776993,86.579849,179.600006,63.270958,24.742645
2023-08-03,433.525787,367.779053,188.244827,84.582321,179.539993,63.067009,24.725250
2023-08-04,431.565063,366.057190,187.867508,86.080475,180.190002,63.440945,24.603495
2023-08-07,435.332001,369.156494,187.993317,85.233322,179.779999,63.559929,24.620886
2023-08-08,433.438873,366.017853,186.812881,86.223167,178.639999,63.695908,24.733946
2023-08-09,430.541260,361.993561,185.351913,86.669029,177.789993,63.704407,24.751339
2023-08-10,430.695801,362.662689,184.529465,85.242226,177.600006,63.687416,24.794825
2023-08-11,430.444672,360.350464,184.790710,85.046051,177.600006,63.593918,24.847008
2023-08-14,432.820648,364.394348,184.471436,84.858795,177.059998,63.585419,24.933977
2023-08-15,427.778870,360.527588,182.033218,84.341568,176.589996,63.381466,24.942673
2023-08-16,424.639740,356.710083,179.807892,83.681664,175.570007,63.185989,25.012247
2023-08-17,421.404022,352.813599,177.688965,83.324982,175.300003,62.922535,25.003550
2023-08-18,421.606873,352.370911,178.656494,83.619202,175.330002,62.965027,25.020947
2023-08-21,424.349945,358.048126,178.395279,82.504539,175.809998,62.948029,24.994854
2023-08-22,423.200562,357.536469,177.863144,83.137711,176.100006,62.982044,25.081823
2023-08-23,427.913971,363.174286,179.759491,85.197647,177.889999,63.491928,24.994854
2023-08-24,421.983551,355.411194,177.272888,84.635826,177.850006,63.143513,25.194881
2023-08-25,424.958435,358.166199,178.027588,84.912247,177.619995,63.406971,25.229670
2023-08-28,427.653259,360.862061,179.614365,85.001442,178.130005,63.644878,25.186184
2023-08-29,433.834900,368.743286,182.120285,85.884247,179.869995,64.044342,25.047033
2023-08-30,435.621765,370.799683,182.807236,85.795090,180.320007,64.018829,25.003550
2023-08-31,434.984375,371.911499,182.487946,86.178574,180.020004,63.976353,25.125307
2023-09-01,435.795624,371.517944,184.655273,84.836037,180.110001,64.096733,25.281851
2023-09-05,433.912170,371.990265,180.765732,83.646454,178.639999,63.678387,25.412304
2023-09-06,430.995209,368.713806,180.088470,83.852165,177.830002,63.524685,25.421001
2023-09-07,429.671936,366.076904,178.346878,84.084717,178.020004,63.738125,25.481878
2023-09-08,430.319122,366.588501,177.950211,84.406693,178.080002,63.712505,25.507971
2023-09-11,433.149109,370.907959,178.375946,83.798492,178.410004,63.823498,25.386213
2023-09-12,430.773071,366.795135,178.201752,84.281479,177.490005,63.721073,25.429699
2023-09-13,431.275360,368.192230,177.031006,84.263603,177.080002,63.891838,25.447092
2023-09-14,434.993927,371.203156,179.527283,83.655396,177.169998,63.968670,25.603636
2023-09-15,429.753021,364.847015,177.650253,83.145561,178.339996,63.729580,25.586243
2023-09-18,430.005127,365.227325,176.469864,83.619598,179.389999,63.772278,25.542757
2023-09-19,429.113251,364.448914,175.782898,83.002472,179.220001,63.575893,25.560152
2023-09-20,425.168304,359.197052,174.021957,83.261848,179.350006,63.524685,25.603636
2023-09-21,418.140961,352.614929,171.322556,81.124161,178.050003,63.072155,25.621029
2023-09-22,417.200745,352.664185,170.935516,81.777100,178.619995,63.183159,25.681910
2023-09-25,418.955200,354.339233,171.699890,79.764656,177.699997,63.097752,25.777575
2023-09-26,412.800171,349.018372,169.492294,79.487373,176.279999,62.824535,25.855846
2023-09-27,412.964966,349.836304,171.076782,79.075935,174.100006,62.739159,25.977602
2023-09-28,415.359070,352.762756,172.622406,79.317429,173.229996,63.037998,25.838451
2023-09-29,414.351074,353.018951,171.805847,79.326401,171.449997,62.944069,25.855846
2023-10-02,414.186218,355.965118,169.210388,77.998428,169.649994,62.562115,26.055872
2023-10-03,408.641937,349.718079,166.362183,76.320564,169.160004,61.926968,26.081964
2023-10-04,411.617645,354.477264,166.439972,77.397278,169.139999,62.244534,26.003693
2023-10-05,411.462555,353.432709,166.566330,77.011475,168.830002,62.304638,25.916723
2023-10-06,416.347778,359.354706,168.170258,76.078323,169.699997,62.390442,25.864542
2023-10-09,419.013306,361.187408,169.142334,77.863869,172.820007,62.853954,25.855846
2023-10-10,421.194214,363.187683,171.057327,77.756187,172.529999,62.836788,25.794966
2023-10-11,422.919525,365.779083,170.765717,79.380249,173.789993,62.828197,25.794966
2023-10-12,420.341187,364.508026,166.906540,77.226807,173.259995,62.493443,26.012388
2023-10-13,418.247589,359.926178,165.516464,78.608582,178.830002,62.441967,26.029785
2023-10-16,422.648163,363.995636,168.189697,77.343468,177.960007,62.424797,25.916723
2023-10-17,422.628754,362.803406,170.065781,76.491074,178.289993,62.132961,25.925419
2023-10-18,416.997223,358.044189,166.566330,75.818123,180.869995,61.832546,26.021086
2023-10-19,413.333313,354.694031,163.912521,74.265846,183.089996,61.609409,25.942816
2023-10-20,408.254242,349.402710,161.793396,74.687592,183.589996,61.738159,25.951511
2023-10-23,407.546631,350.457001,160.422745,75.584831,182.970001,61.987083,25.821058
2023-10-24,410.619232,353.866333,161.822556,76.580772,182.949997,62.304638,25.968906
2023-10-25,404.725952,345.205139,159.149323,74.875992,183.720001,61.969879,26.038481
2023-10-26,399.879547,338.623077,159.557617,76.024490,184.009995,62.184467,26.099358
2023-10-27,398.067017,340.248810,157.681473,75.701477,186.149994,62.107224,26.064569
2023-10-30,402.826233,344.081909,158.556351,75.360512,185.100006,62.124374,25.960207
2023-10-31,405.356018,345.727386,159.927002,74.992653,184.089996,62.287460,26.116753
2023-11-01,409.679108,351.728119,160.840759,76.618652,183.509995,62.881165,26.125450
2023-11-02,417.530334,358.113190,165.127594,78.365303,184.119995,63.588730,25.994995
2023-11-03,421.339600,362.320526,169.618652,78.896500,184.789993,64.210052,25.751484
2023-11-06,422.308868,363.798553,167.499481,78.131218,183.350006,63.951183,25.777575
2023-11-07,423.510773,367.237457,166.906540,79.283630,182.589996,63.959797,25.864542
2023-11-08,423.820953,367.473907,165.127594,80.634132,180.770004,63.994316,25.855846
2023-11-09,420.515747,364.645996,162.571091,78.779434,181.490005,63.597385,25.968906
2023-11-10,427.077759,372.844025,164.388885,79.220612,179.509995,63.908031,25.951511
2023-11-13,426.670715,371.681366,164.447159,79.040550,180.509995,63.847622,25.916723
2023-11-14,434.948395,379.682312,173.477829,80.832207,182.119995,64.494797,25.507971
2023-11-15,435.869232,379.968079,173.779160,79.697769,181.639999,64.287720,25.603636
2023-11-16,436.402283,380.293213,170.969833,80.688194,183.690002,64.373978,25.621029
2023-11-17,436.945129,380.381897,173.312561,81.066307,183.669998,64.520691,25.481878
2023-11-20,440.308594,385.013062,174.323517,81.561508,183.369995,64.589760,25.403606
2023-11-21,439.348999,382.776276,172.078018,81.525475,185.350006,64.676025,25.429699
2023-11-22,441.045227,384.342957,173.157028,81.813591,184.559998,64.788216,25.516666
2023-11-24,441.316620,383.801086,174.323517,80.850258,185.520004,64.719193,25.403606
2023-11-27,440.521790,383.466064,173.740250,82.200745,186.770004,64.814102,25.351425
2023-11-28,440.957977,384.471100,173.069534,82.362808,189.259995,65.098862,25.264456
2023-11-29,440.647797,384.096619,173.983307,83.398178,189.539993,65.452660,25.290548
2023-11-30,442.382843,383.131012,174.644302,82.434799,188.750000,65.331863,25.473185
2023-12-01,444.999939,384.224762,179.747726,83.987404,192.009995,65.872772,25.394911
2023-12-04,442.663910,380.657745,181.672485,83.653229,187.860001,65.708046,25.507971
2023-12-05,442.576721,381.613617,179.242264,85.450562,187.149994,65.768761,25.603636
2023-12-06,440.793243,379.406403,178.921478,86.588585,187.839996,65.777420,25.664515
2023-12-07,444.156616,384.707581,180.214371,86.091820,188.149994,65.890121,25.525364
2023-12-08,446.066132,386.422058,181.584976,85.387337,185.639999,65.760078,25.621029
2023-12-11,447.801208,389.722961,181.964096,85.206696,183.589996,65.716736,25.655817
2023-12-12,449.846313,392.826782,181.779388,85.459610,183.490005,65.864120,25.586243
2023-12-13,456.049744,397.822479,187.932678,87.464676,187.630005,66.869667,25.368820
2023-12-14,457.513458,397.477600,193.162491,89.739883,188.729996,67.164986,25.134003
2023-12-15,456.760101,399.399017,191.539093,89.839554,187.000000,67.016884,25.299244
2023-12-18,459.329437,401.914703,191.607162,89.123734,187.850006,67.060448,25.295544
2023-12-19,462.122559,403.968323,195.320496,89.603958,189.130005,67.252098,25.184517
2023-12-20,455.718811,397.965424,191.499878,90.211060,188.100006,67.260811,25.295544
2023-12-21,460.039886,402.595978,194.758499,89.640221,189.429993,67.565704,25.129004
2023-12-22,460.964447,403.198242,196.573212,89.232468,190.270004,67.487312,25.119751
2023-12-26,462.910828,405.666534,199.129440,89.486183,191.720001,67.617981,25.064238
2023-12-27,463.747864,406.492340,199.831879,91.071854,192.589996,67.896759,24.934710
2023-12-28,463.923035,406.294739,199.070877,90.410378,191.470001,67.678963,25.017979
2023-12-29,462.579956,404.536407,195.821976,89.594894,191.169998,67.417618,25.064238
2024-01-02,459.991211,397.690735,194.660980,89.078415,190.720001,67.191124,25.277039
2024-01-03,456.234619,393.482605,189.470505,89.449951,189.130005,67.008194,25.360310
2024-01-04,454.765015,391.457550,189.099792,88.090805,189.320007,66.746849,25.360310
2024-01-05,455.387909,391.921844,188.543671,87.248123,189.350006,66.799088,25.360310
2024-01-08,461.888977,400.022003,191.938919,88.108932,187.869995,67.173691,25.314049
2024-01-09,461.188324,400.812347,190.221771,87.547134,187.929993,67.278214,25.397318
2024-01-10,463.796448,403.528809,190.329086,87.139397,187.500000,67.400215,25.351057
2024-01-11,463.592133,404.368469,188.836365,87.628685,187.869995,67.617981,25.369560
2024-01-12,463.913300,404.575958,188.524170,87.456512,189.710007,67.687668,25.397318
2024-01-16,462.210175,404.536407,186.192352,85.916138,187.910004,67.260811,25.619371
2024-01-17,459.640839,402.254517,184.865479,85.780228,185.839996,66.973312,25.637875
2024-01-18,463.728363,407.964172,185.958206,84.982880,187.369995,67.112709,25.665632
2024-01-19,469.509277,416.054504,187.743637,85.254707,187.929993,67.225983,25.628624
2024-01-22,470.501953,416.597870,191.753510,85.762123,187.220001,67.278214,25.637875
2024-01-23,471.874207,418.326538,191.197403,85.082550,187.949997,67.199829,25.702641
2024-01-24,472.390015,420.647949,189.626648,84.584190,186.399994,67.164986,25.628624
2024-01-25,474.959351,421.161621,191.197403,85.136917,187.139999,67.678963,25.702641
2024-01-26,474.355896,418.652496,191.207169,84.973824,187.009995,67.626678,25.702641
2024-01-29,478.112518,422.939697,194.553619,85.952408,188.330002,67.774803,25.702641
2024-01-30,477.742676,420.124390,192.895050,86.731659,188.589996,67.687668,25.684137
2024-01-31,469.947205,411.895782,188.182678,87.583374,188.449997,67.496002,25.748901
2024-02-01,476.097961,416.746033,190.680313,89.301399,190.410004,67.884735,25.619371
2024-02-02,481.110016,423.789276,189.675385,87.328873,188.610001,67.578323,25.850677
2024-02-05,479.358246,423.236084,187.265564,85.565361,187.570007,67.263138,25.989460
2024-02-06,480.749969,422.386475,188.953415,86.401672,188.550003,67.508301,25.915442
2024-02-07,484.759613,426.732971,188.514389,85.983521,188.500000,67.622101,25.887686
2024-02-08,484.973755,427.523254,191.373032,85.483559,188.330002,67.587051,25.915442
2024-02-09,487.776611,431.731384,194.485352,85.310822,187.600006,67.727158,25.896936
2024-02-12,487.562469,430.042206,198.017181,85.410851,187.110001,67.578323,25.924694
2024-02-13,480.847229,423.334808,189.870544,83.947342,184.529999,67.035530,26.128242
2024-02-14,485.217010,427.947968,194.280487,84.374573,184.419998,67.298164,26.081982
2024-02-15,488.564880,429.222321,199.461151,84.810883,185.660004,67.534546,25.980207
2024-02-16,486.131866,425.330292,196.748871,84.320015,186.339996,67.333176,25.989460
2024-02-20,483.455536,422.119843,194.036545,84.392738,187.470001,67.473251,25.952450
2024-02-21,483.893433,420.430603,193.119446,83.792778,187.479996,67.350693,25.924694
2024-02-22,493.907806,432.738953,194.582932,84.201843,187.559998,67.674622,25.924694
2024-02-23,494.248474,431.464661,195.021957,85.329048,188.619995,67.718391,25.943199
2024-02-26,492.438232,431.237457,196.251251,85.074493,188.199997,67.499512,25.896936
2024-02-27,493.353119,432.274658,199.031860,84.474541,188.000000,67.587051,25.915442
2024-02-28,492.701080,429.973022,197.392807,85.010880,188.339996,67.578323,25.933949
2024-02-29,494.472260,433.657654,198.768433,85.610794,189.309998,67.700859,25.989460
2024-03-01,499.114502,440.187225,200.875824,86.144257,192.889999,67.954445,25.943199
2024-03-04,498.579285,438.616577,200.690445,85.797752,196.009995,67.936882,25.943199
2024-03-05,493.596375,430.743530,198.768433,87.019638,197.190002,67.884010,25.915442
2024-03-06,496.097595,433.450165,200.251419,87.530319,198.809998,68.051300,25.822920
2024-03-07,501.022034,440.029175,201.919800,87.448227,199.940002,68.130569,25.693390
2024-03-08,498.014801,433.677399,201.792923,87.293221,201.630005,68.148170,25.702641
2024-03-11,497.586609,432.067261,200.192886,87.247612,202.000000,68.139336,25.730396
2024-03-12,502.939301,438.261017,199.919693,86.518127,199.789993,68.200996,25.748901
2024-03-13,502.150970,434.892456,200.700226,86.098663,201.190002,68.227394,25.721146
2024-03-14,501.158264,433.795959,197.109818,84.776451,200.350006,67.901634,25.859930
2024-03-15,497.717041,428.639465,197.480560,84.749107,199.710007,67.857613,25.887686
2024-03-18,500.675079,432.727600,196.348831,84.493782,200.029999,68.016075,25.943199
2024-03-19,503.457397,433.805756,197.178146,84.730881,199.800003,68.289024,26.007963
2024-03-20,508.114014,438.949249,201.080719,84.703499,202.179993,68.517960,25.887686
2024-03-21,509.793152,441.026459,203.391052,84.885880,201.970001,68.482742,26.063477
2024-03-22,508.826721,441.530945,200.583847,85.697464,200.350006,68.412308,26.202259
2024-03-25,507.420959,439.928528,201.043549,85.268860,200.990005,68.306641,26.137495
2024-03-26,506.483734,438.504181,200.681656,85.505936,201.639999,68.227394,26.156000
2024-03-27,510.740112,439.997772,205.053864,86.354012,203.100006,68.588402,26.174503
2024-03-28,510.642456,439.186676,205.699448,86.281036,205.720001,68.438705,26.248522
2024-04-01,509.754150,440.116516,203.762726,84.672676,207.820007,68.159958,26.350296
2024-04-02,506.513031,436.318176,200.016510,84.206085,210.889999,68.044907,26.313288
2024-04-03,507.069458,437.297394,201.327209,84.187775,212.740005,68.097984,26.193008
2024-04-04,500.880096,430.610870,199.312286,84.791603,211.520004,68.044907,26.193008
2024-04-05,506.112732,435.685120,199.977386,83.611397,215.139999,67.982948,26.220766
2024-04-08,506.395813,435.813721,201.072906,83.602249,216.479996,68.142235,26.183756
2024-04-09,506.981567,437.426025,201.865173,84.379913,217.669998,68.283867,26.174503
2024-04-10,501.905090,433.607971,196.534409,82.541008,215.610001,67.682076,26.452070
2024-04-11,505.692932,440.531921,197.864624,82.165894,219.800003,67.620132,26.470575
2024-04-12,498.712860,433.509003,194.343399,82.605034,216.889999,67.584740,26.683376
2024-04-15,492.464874,426.377350,191.497070,81.324203,220.949997,67.195343,26.729635
2024-04-16,491.566742,426.416931,190.792816,80.784424,221.220001,66.974106,26.766645
2024-04-17,488.657501,421.214050,188.777893,81.680969,219.589996,67.062592,26.683376
2024-04-18,487.652039,418.810486,188.621384,81.269287,220.339996,67.115700,26.738890
2024-04-19,483.395660,410.145599,188.914825,81.562057,221.029999,67.239601,26.738890
2024-04-22,487.847260,414.270325,191.027573,81.424828,215.570007,67.611275,26.748140
2024-04-23,493.636383,420.452393,194.226044,81.452271,215.039993,67.885612,26.637115
2024-04-24,493.402130,421.876801,193.355515,80.875923,214.639999,67.735153,26.664871
2024-04-25,491.527679,419.839203,192.181747,80.308662,215.919998,67.593559,26.609358
2024-04-26,496.184387,426.317993,194.020630,80.729507,216.619995,67.805969,26.729635
2024-04-29,497.941589,428.048950,195.585632,81.406509,216.179993,68.009483,26.646366
2024-04-30,490.053558,419.977600,191.614456,80.711220,211.869995,67.513939,26.812906
2024-05-01,488.462311,416.940979,192.015472,81.306107,213.789993,67.869789,26.785151
2024-05-02,493.031097,422.262512,195.546509,81.654999,213.130005,68.287910,26.581600
2024-05-03,499.142395,430.749359,197.483170,82.481300,212.960007,68.572594,26.507582
2024-05-06,504.296967,435.467499,200.036072,82.802635,215.199997,68.652657,26.535339
2024-05-07,504.853333,435.536713,200.486038,83.307571,214.210007,68.661545,26.609358
2024-05-08,504.902252,435.279572,199.322037,82.802635,213.580002,68.501404,26.646366
2024-05-09,507.811401,436.229156,201.356537,83.206581,216.949997,68.519218,26.553844
2024-05-10,508.465515,437.257843,199.840454,82.738373,218.710007,68.412453,26.590853
2024-05-13,508.533783,438.266785,200.261093,82.949532,216.259995,68.394653,26.581600
2024-05-14,510.867096,441.085846,202.334702,83.417755,218.089996,68.501404,26.526089
2024-05-15,517.193176,447.980133,204.858231,84.556168,220.889999,68.901741,26.359549
2024-05-16,516.128967,447.070068,203.381271,84.473541,220.029999,68.741608,26.424313
2024-05-17,516.870911,446.852509,203.528015,83.904335,223.660004,68.750511,26.424313
2024-05-20,517.466431,449.968231,203.977936,83.656448,224.559998,68.786110,26.461323
2024-05-21,518.735535,450.848602,203.782303,84.087944,224.229996,68.732719,26.461323
2024-05-22,517.241821,450.759521,202.060806,84.188927,220.110001,68.581490,26.544594
2024-05-23,513.463928,448.731873,198.744965,83.647270,215.720001,68.341278,26.600107
2024-05-24,516.861206,452.975250,200.945740,83.895149,215.919998,68.581490,26.516836
2024-05-28,517.222290,454.686462,200.671875,82.692451,218.190002,68.305695,26.479828
2024-05-29,513.600525,451.481659,197.708176,81.691727,216.160004,68.101082,26.627863
2024-05-30,510.193390,446.644775,199.586166,82.481300,216.570007,68.376877,26.544594
2024-05-31,514.840271,445.813904,201.268524,83.041328,215.300003,68.617065,26.526089
2024-06-03,515.260071,448.207581,200.133911,84.384499,217.220001,68.829788,26.387304
2024-06-04,515.836121,449.434113,197.551666,85.370186,215.270004,68.794052,26.396557
2024-06-05,521.966980,458.494629,200.574051,85.996628,217.820007,69.017487,26.433567
2024-06-06,521.957092,458.336365,199.136185,85.867661,219.429993,68.901283,26.396557
2024-06-07,521.322693,457.930786,196.798523,84.292366,211.600006,68.722527,26.618610
2024-06-10,522.933350,459.780487,197.473389,83.730415,213.539993,68.785080,26.683376
2024-06-11,524.192688,462.935822,196.798584,84.596375,214.149994,68.874466,26.720385
2024-06-12,528.497925,468.999207,199.819611,85.231995,214.720001,69.151558,26.600107
2024-06-13,529.562134,471.541290,198.073700,86.484879,212.970001,69.142609,26.701880
2024-06-14,529.884338,473.984528,194.925125,87.212654,215.729996,68.874466,26.822159
2024-06-17,534.101562,479.790741,196.563141,86.346680,214.610001,68.919167,26.757393
2024-06-18,535.458557,479.939087,196.906479,87.138962,215.470001,69.133667,26.748140
2024-06-20,534.003967,476.239716,196.072754,86.558594,218.160004,69.088982,26.859169
2024-06-21,533.288025,474.963745,196.514145,86.558594,214.779999,69.169411,26.923933
2024-06-24,531.554565,469.556458,197.367462,86.908646,215.630005,69.097916,26.831411
2024-06-25,533.601501,474.926086,196.720108,87.056038,214.559998,69.187286,26.859169
2024-06-26,534.267456,475.906860,196.200241,85.812378,212.580002,69.035370,26.988697
2024-06-27,535.109680,477.135345,198.191406,86.153244,214.990005,69.115776,26.951689
2024-06-28,533.004089,474.658569,199.005508,84.550301,215.009995,68.945961,26.951689
2024-07-01,534.100891,477.442535,197.338074,83.091057,215.570007,68.932503,26.960941
2024-07-02,537.695251,482.455505,198.014832,83.737953,215.559998,69.121193,26.923933
2024-07-03,540.094849,486.477814,197.965790,84.837700,217.990005,69.363762,26.812906
2024-07-05,543.209229,491.550140,197.024170,85.540085,220.929993,69.570435,26.720385
2024-07-08,543.836121,492.719208,198.407166,85.724907,218.190002,69.552475,26.766645
2024-07-09,544.364868,493.145233,197.544022,85.346001,218.559998,69.471611,26.803654
2024-07-10,549.751587,498.287018,199.476318,85.613998,219.360001,69.633331,26.775898
2024-07-11,545.011292,487.359497,206.646332,86.445755,223.250000,69.884895,26.637115
2024-07-12,548.448914,490.222626,209.059250,86.815430,223.110001,70.064613,26.544594
2024-07-15,549.957214,491.540314,213.031723,85.817329,223.830002,70.073578,26.590853
2024-07-16,553.218628,491.728546,220.299866,87.027962,228.289993,70.343140,26.590853
2024-07-17,545.461853,477.293884,217.994812,87.046448,227.229996,70.262276,26.470575
2024-07-18,541.270081,475.035065,213.777161,86.381058,225.779999,70.118515,26.590853
2024-07-19,537.675598,470.824524,212.688431,85.872765,221.729996,70.064613,26.664871
2024-07-22,543.219177,477.838837,216.072357,85.623245,221.800003,70.325172,26.646366
2024-07-23,542.367004,476.154572,218.367569,85.503105,222.580002,70.334145,26.692629
2024-07-24,530.075623,459.074768,213.679092,84.578926,221.800003,70.109528,26.683376
2024-07-25,527.313721,454.012268,216.347000,85.272079,218.330002,70.118515,26.683376
2024-07-26,533.219543,458.668610,219.927139,85.937462,220.630005,70.343140,26.664871
2024-07-29,533.532837,459.589966,217.484787,86.399529,220.320007,70.280235,26.738890
2024-07-30,530.829773,453.279144,218.308701,86.732224,222.520004,70.316170,26.757393
2024-07-31,539.458191,466.693329,219.574005,87.619423,226.550003,70.567772,26.609358
2024-08-01,531.818970,455.389313,212.433395,88.375130,225.770004,70.413307,26.701880
2024-08-02,521.917358,444.580658,204.920044,91.129028,225.339996,70.178467,26.433567
2024-08-05,506.717163,431.325012,198.328690,91.611183,222.479996,69.744949,26.285530
2024-08-06,511.388947,435.446350,200.486588,89.562004,220.699997,70.006874,26.368799
2024-08-07,507.970764,430.730591,198.112930,88.931488,220.550003,70.142372,26.424313
2024-08-08,519.713684,443.907043,202.928909,88.384399,224.009995,70.431381,26.461323
2024-08-09,522.005432,446.225250,202.507156,89.256004,224.559998,70.422333,26.433567
2024-08-12,522.279785,447.186218,200.682770,89.580551,228.410004,70.467514,26.433567
2024-08-13,530.868896,458.282166,203.988251,90.201775,228.059998,70.792664,26.294783
2024-08-14,532.543640,458.430786,202.722946,90.767418,226.199997,70.919106,26.322540
2024-08-15,541.671570,470.012207,207.980301,90.034889,226.910004,70.982330,26.415060
2024-08-16,542.886047,470.616516,208.529602,90.350151,231.990005,71.208122,26.285530
2024-08-19,548.076782,476.798553,211.079819,90.767418,231.610001,71.325554,26.146748
2024-08-20,547.185547,475.797913,208.617859,91.490639,232.460007,71.262329,26.054226
2024-08-21,549.066040,478.017059,211.334854,91.546295,232.149994,71.424889,25.970955
2024-08-22,544.756653,470.438171,209.471207,90.637604,229.369995,71.334572,26.091234
2024-08-23,550.544922,475.540344,216.160645,91.231018,232.020004,71.713936,25.869179
2024-08-26,549.232483,470.923645,216.229294,90.999237,232.759995,71.569389,25.924694
2024-08-27,549.986572,472.330505,214.552032,90.841583,233.389999,71.614563,25.841423
2024-08-28,546.793884,466.970673,213.100372,90.730316,231.750000,71.578445,25.989460
2024-08-29,546.842773,466.287170,214.620697,90.433586,232.949997,71.650696,26.081982
2024-08-30,552.063049,471.845001,215.866379,89.469269,231.289993,71.659714,26.156000
2024-09-03,540.702087,457.519379,209.265259,90.932579,230.289993,71.405609,26.202259
2024-09-04,539.595276,456.330475,208.912140,92.104691,230.429993,71.668808,26.072731
2024-09-05,538.282898,456.756500,207.872437,92.625641,232.350006,71.913826,26.035719
2024-09-06,529.223633,444.521240,203.919586,92.616333,230.630005,71.823082,26.072731
2024-09-09,535.148865,450.237610,204.488480,93.016342,231.600006,71.995522,26.183756
2024-09-10,537.479797,454.398621,204.321732,93.667534,232.619995,71.859383,26.193008
2024-09-11,542.993835,464.266113,204.920044,93.593109,232.250000,71.968300,26.220766
2024-09-12,547.567505,468.823334,207.558563,93.155876,236.330002,72.068115,26.109737
2024-09-13,550.427368,470.923645,212.678619,93.407059,238.679993,72.267784,26.072731
2024-09-16,551.240234,468.843109,213.443680,94.262886,238.660004,72.449272,25.989460
2024-09-17,551.465454,469.090820,215.209229,93.807037,237.339996,72.467438,26.072731
2024-09-18,549.829956,467.059906,215.248459,92.644241,235.509995,72.530975,26.100487
2024-09-19,559.212524,478.869080,219.681915,92.337265,239.169998,72.748779,25.989460
2024-09-20,558.245789,477.957703,217.327866,91.983757,242.210007,72.839516,26.035719
2024-09-23,559.640808,479.224579,216.533356,91.788391,242.679993,72.703407,26.072731
2024-09-24,561.242126,481.536163,216.896286,91.769814,246.070007,72.712479,25.924694
2024-09-25,560.004272,481.982666,214.250748,91.006981,245.729996,72.630783,26.100487
2024-09-26,562.224487,485.603790,215.392410,91.220947,246.979996,72.748779,25.980207
2024-09-27,561.409180,482.905304,216.849045,91.695366,245.020004,72.930290,25.970955
2024-09-30,563.658752,484.214844,217.400177,91.258156,243.059998,72.875839,26.072731
2024-10-01,558.609314,477.468536,214.447601,91.917023,245.610001,72.839340,26.183756
2024-10-02,558.845093,478.143219,214.152359,91.142448,245.660004,72.848488,26.294783
2024-10-03,557.823364,477.786041,212.715408,90.283829,245.490005,72.675209,26.378054
2024-10-04,562.892578,483.470795,215.687683,89.173256,245.000000,72.593109,26.526089
2024-10-07,557.803711,478.292053,213.994843,88.501297,244.169998,72.283058,26.544594
2024-10-08,563.079224,485.435120,214.142502,88.650612,242.369995,72.456322,26.544594
2024-10-09,566.979370,489.254700,214.614899,88.146645,241.050003,72.410736,26.664871
2024-10-10,565.987122,488.699158,213.424026,87.801338,242.820007,72.374245,26.655619
2024-10-11,569.376404,489.463013,217.764343,87.446701,245.470001,72.565758,26.674122
2024-10-14,574.032959,493.570343,219.368576,87.512032,245.070007,72.602249,26.757393
2024-10-15,569.572876,486.972900,219.545761,88.575981,245.919998,72.584000,26.775898
2024-10-16,572.048462,487.032410,223.157761,88.949265,247.149994,72.711678,26.849915
2024-10-17,572.097595,487.369720,222.547562,87.540047,248.630005,72.602249,26.933186
2024-10-18,574.298157,490.564301,222.084991,87.605362,251.270004,72.775536,26.859169
2024-10-21,573.355103,491.506805,218.591080,86.074829,251.220001,72.483673,26.979446
2024-10-22,573.050598,492.042511,217.764343,86.158798,253.929993,72.383377,27.007202
2024-10-23,567.814209,484.502533,215.776260,85.925499,250.869995,72.164497,27.099724
2024-10-24,569.042358,488.431305,216.248672,86.476128,252.800003,72.374245,26.997952
2024-10-25,568.845825,491.407593,215.431808,85.990829,253.320007,72.301308,27.090473
2024-10-28,570.604370,491.486969,218.945404,85.757515,253.330002,72.483673,27.090473
2024-10-29,571.527893,496.209320,218.236786,85.888161,256.089996,72.501923,27.099724
2024-10-30,569.798828,492.459229,217.941513,86.140167,257.500000,72.374245,27.034958
2024-10-31,558.628906,480.028168,214.319641,86.280136,253.509995,72.173607,27.016455
2024-11-01,560.986694,483.579865,215.520355,85.063744,252.470001,72.178200,27.127480
2024-11-04,559.778381,482.171173,216.612823,86.384087,252.830002,72.379837,27.025707
2024-11-05,566.547058,488.322144,220.687454,86.842926,253.399994,72.581467,26.914680
2024-11-06,580.634583,501.586517,233.472214,84.464417,245.699997,72.709793,27.349533
2024-11-07,585.124146,509.483582,232.645493,85.522591,249.649994,73.021423,27.127480
2024-11-08,587.658691,510.078918,234.357986,86.608803,247.960007,73.140587,27.312527
2024-11-11,588.218750,509.781342,237.881409,86.187416,242.139999,73.058075,27.469814
2024-11-12,586.391418,508.858582,233.708405,84.895180,240.050003,72.764786,27.590092
2024-11-13,586.676270,508.203857,231.395523,84.089867,237.630005,72.783127,27.747379
2024-11-14,582.903992,504.671997,228.275604,84.576790,237.009995,72.627304,27.858408
2024-11-15,575.437744,492.647675,224.870270,84.352066,236.589996,72.618141,27.830650
2024-11-18,577.795532,496.070465,225.313171,84.501869,241.089996,72.755630,27.691868
2024-11-19,579.907654,499.483246,226.986313,84.932632,243.250000,72.865601,27.682613
2024-11-20,580.104065,499.195587,227.281570,84.661079,244.619995,72.847267,27.821396
2024-11-21,583.218262,500.991302,230.736130,84.595528,246.660004,72.874771,27.913919
2024-11-22,585.025879,501.794861,234.997711,84.642349,249.839996,72.856438,28.061954
2024-11-25,587.010437,502.588531,238.570358,86.833565,242.479996,73.131409,27.867659
2024-11-26,590.075378,505.287079,236.818466,86.496437,242.949997,72.993919,27.904667
2024-11-27,588.287415,501.308746,237.143265,87.095734,243.490005,73.213913,27.664110
2024-11-29,591.941956,505.713684,238.048721,87.994705,245.589996,73.360550,27.617849
2024-12-02,593.002869,511.219788,237.930618,88.206108,243.440002,73.333847,27.784389
2024-12-03,593.278015,512.787292,236.237808,87.445015,243.929993,73.333847,27.775137
2024-12-04,596.961975,519.126892,237.084213,88.384659,244.669998,73.508781,27.765882
2024-12-05,595.979614,517.688293,234.318604,88.563187,242.860001,73.444328,27.617849
2024-12-06,597.109375,522.321472,235.155197,88.694763,242.949997,73.564011,27.691868
2024-12-09,594.034485,518.253845,233.974152,87.877235,245.360001,73.471970,27.738127
2024-12-10,592.187561,516.487793,232.960434,87.463791,248.589996,73.508781,27.802893
2024-12-11,596.765503,525.734314,234.013519,86.636894,250.960007,73.527199,27.895414
2024-12-12,593.690613,522.341248,230.972321,85.584465,247.279999,73.324638,27.987936
2024-12-13,593.572693,526.339478,229.387787,84.710587,244.289993,73.112869,27.997190
2024-12-16,596.107300,533.919128,230.736130,84.964294,244.880005,73.250992,27.950928
2024-12-17,593.651367,531.567810,228.094589,85.171013,243.940002,73.094460,27.978685
2024-12-18,575.958435,512.390564,217.996307,84.106010,239.259995,72.343903,28.302513
2024-12-19,575.781616,510.108704,217.028946,82.832542,239.600006,72.269875,28.358027
2024-12-20,582.697266,514.563171,219.062408,83.304199,242.100006,72.723358,28.219242
2024-12-23,586.186646,519.576477,218.558975,82.540123,240.960007,72.528992,28.322710
2024-12-24,592.702087,526.621826,220.513489,82.889137,241.440002,72.760368,28.400068
2024-12-26,592.741516,526.264099,222.773987,82.841965,243.070007,72.945465,28.342049
2024-12-27,586.502075,519.268372,219.526367,82.162766,241.399994,72.695580,28.293699
2024-12-30,579.809082,512.362122,217.838379,82.823105,240.630005,72.797394,28.322710
2024-12-31,577.699768,508.009796,218.114792,82.379738,242.130005,72.788132,28.448416
2025-01-02,576.280273,507.016083,218.292435,82.606133,245.419998,72.963974,28.690161
2025-01-03,583.485779,515.313538,221.540070,82.342018,243.490005,73.075035,28.603132
2025-01-06,586.847107,521.235962,221.628937,81.974121,243.190002,73.204582,28.419407
2025-01-07,580.213318,511.934875,219.852112,81.049675,244.559998,72.963974,28.525774
2025-01-08,581.060974,512.024292,218.855118,81.153442,245.860001,73.056526,28.632141
2025-01-10,572.189697,503.995209,214.037964,80.615753,248.210007,72.677071,28.777187
2025-01-13,573.076843,502.375488,214.452545,80.587456,245.740005,72.658554,28.864216
2025-01-14,573.865356,501.898529,216.890732,80.455399,247.029999,72.751122,28.680490
2025-01-15,584.303955,513.445251,221.155121,81.842056,248.880005,73.389717,28.632141
2025-01-16,583.180237,509.848145,221.599319,82.106178,250.600006,73.472977,28.632141
2025-01-17,589.035400,518.453613,222.556839,82.247696,249.270004,73.537758,28.738508
2025-01-21,594.427063,521.494263,226.831055,82.983490,253.130005,73.732109,28.371058
2025-01-22,597.768677,528.161987,225.350372,82.549538,254.429993,73.630310,28.419407
2025-01-23,601.031311,529.284973,226.376984,81.908081,254.070007,73.722862,28.409737
2025-01-24,599.276733,526.293884,225.745224,82.275970,255.649994,73.806145,28.235682
2025-01-27,590.799744,510.971039,223.583435,83.247574,252.990005,73.861671,28.245350
2025-01-28,595.876099,518.523071,223.830231,83.190994,255.179993,73.833916,28.361387
2025-01-29,593.204895,517.549316,223.316910,83.021217,254.199997,73.787666,28.419407
2025-01-30,596.388611,519.755310,225.587296,83.332489,258.049988,73.926453,28.419407
2025-01-31,593.214661,519.000061,223.563675,82.785378,258.559998,73.778404,28.535444
2025-02-03,589.222595,514.846436,220.947815,83.459412,259.940002,73.685425,28.661150
2025-02-04,593.175293,521.166321,224.007889,83.715019,262.500000,73.917847,28.400068
2025-02-05,595.580383,523.531372,226.446075,85.097176,264.130005,74.113083,28.351719
2025-02-06,597.650330,526.264099,225.705750,85.059303,263.429993,74.001518,28.332378
2025-02-07,592.179749,519.626099,223.089874,84.510223,263.899994,73.769104,28.458086
2025-02-10,596.201355,525.916260,224.096741,84.254623,268.369995,73.917847,28.545115
2025-02-11,596.654785,524.664185,222.793732,83.715019,267.390015,73.889946,28.448416
2025-02-12,594.732727,524.972168,220.740494,82.579010,267.670013,73.731903,28.467756
2025-02-13,601.011597,532.524414,223.228058,83.951691,270.309998,74.066582,28.235682
2025-02-14,600.981995,534.760193,223.060272,84.396645,266.290009,74.150246,28.158323
2025-02-18,602.746399,535.972473,224.284302,83.402588,270.700012,74.085182,28.216343
2025-02-19,604.165833,536.121521,223.514328,83.506744,270.850006,74.140953,28.245350
2025-02-20,601.652405,533.845947,221.372253,83.819153,270.989990,74.187447,28.022947
2025-02-21,591.361572,522.766235,214.995468,84.832100,270.739990,74.047981,28.119644
2025-02-24,588.670532,516.595337,213.445679,85.078239,272.209991,74.140953,28.138985
2025-02-25,585.743042,510.086578,212.636246,86.545593,268.619995,74.326889,28.032616
2025-02-26,586.038757,511.318787,212.902725,87.056793,269.029999,74.429153,28.090635
2025-02-27,576.684448,497.118805,209.655121,86.441460,264.929993,74.289719,28.293699
2025-02-28,585.683899,504.969055,211.886017,87.501732,263.269989,74.494209,28.419407
2025-03-03,575.422791,493.919067,206.091599,87.910103,266.739990,74.339172,28.148655
2025-03-04,568.611572,492.428497,203.761978,86.827492,269.059998,74.329842,27.897240
2025-03-05,574.722900,498.847870,205.785583,86.134216,269.619995,74.367203,27.558798
2025-03-06,564.520935,485.124847,202.636673,85.849358,268.250000,74.086990,27.539459
2025-03-07,567.684998,488.692230,203.298050,85.573921,268.390015,74.208420,27.452431
2025-03-10,552.564392,469.752319,198.184738,86.466621,266.040009,73.928223,27.471771
2025-03-11,547.971008,468.629425,198.165009,85.849358,269.160004,73.666695,27.317055
2025-03-12,550.878784,473.915894,198.510498,85.336525,270.329987,73.750748,27.384743
2025-03-13,543.535278,465.389954,195.549149,86.086761,275.130005,73.339767,27.481441
2025-03-14,554.762512,476.638611,200.277451,85.630913,275.239990,73.676010,27.452431
2025-03-17,559.040405,479.729004,202.804474,86.058243,276.730011,73.853485,27.346066
2025-03-18,552.998047,471.550873,201.043472,86.143730,279.959991,73.722733,27.326725
2025-03-19,559.020691,477.860901,204.169769,86.590080,281.109985,74.208420,27.394413
2025-03-20,557.404175,476.241150,202.873749,86.647049,280.750000,74.105675,27.471771
2025-03-21,557.588013,477.811188,201.617279,86.134216,278.489990,73.993584,27.558798
2025-03-24,567.573608,488.296448,206.633224,85.251038,277.250000,74.208420,27.607147
2025-03-25,568.937988,491.082947,205.485596,85.241547,278.470001,74.171066,27.578138
2025-03-26,562.145813,482.046692,203.398087,84.681252,278.239990,73.872162,27.703844
2025-03-27,560.652893,479.299988,202.428528,84.434334,281.970001,73.732071,27.616817
2025-03-28,549.362305,466.681061,198.312881,85.602417,284.059998,73.601295,27.568468
2025-03-31,553.050110,466.661163,197.363144,86.447609,288.140015,73.685364,27.597479
2025-04-01,554.612183,470.422943,197.382904,87.196747,287.570007,73.856186,27.626486
2025-04-02,558.121948,473.856323,200.499329,87.139557,288.160004,74.006340,27.510450
2025-04-03,530.617188,448.489105,187.628036,87.539841,286.420013,73.086563,27.026962
2025-04-04,499.553375,420.633942,179.258240,88.492912,279.720001,72.044746,27.326725
2025-04-07,498.663574,421.649048,177.635727,85.824318,273.709991,71.425285,27.442760
2025-04-08,490.853088,414.055786,172.956146,84.204086,275.200012,71.096771,27.317055
2025-04-09,542.402161,463.755188,187.657715,84.699684,285.380005,73.002083,27.355734
2025-04-10,518.634644,444.030670,179.772690,82.364655,292.350006,71.810104,26.785219
2025-04-11,527.888489,452.211121,182.394424,82.812607,297.929993,72.025963,26.543476
2025-04-14,533.009766,455.276276,184.541290,83.403503,296.230011,72.382645,26.456448
2025-04-15,531.516907,455.783813,184.768845,83.698952,297.779999,72.579727,26.601494
2025-04-16,519.702332,442.040314,182.997955,84.165962,307.470001,72.570335,26.379089
2025-04-17,520.443848,441.960693,184.491821,83.422569,306.119995,72.992691,26.398428
2025-04-21,508.055908,431.023621,180.791702,81.964363,315.589996,72.560944,26.147015
2025-04-22,521.274353,442.338867,185.471283,82.421837,311.109985,72.842529,26.292061
2025-04-23,529.351685,452.370300,188.221649,83.222420,303.649994,73.208580,26.533806
2025-04-24,540.494019,465.098724,191.991028,84.099243,308.070007,73.865555,26.417767
2025-04-25,544.399292,470.283600,192.050369,84.718750,304.730011,73.931252,26.485455
2025-04-28,544.606873,470.134338,192.861649,85.252464,309.070007,73.968803,26.321070
2025-04-29,548.037537,473.239319,193.999374,85.967262,306.059998,74.165924,26.408098
2025-04-30,548.255066,473.179596,192.782486,85.271538,303.769989,73.771698,26.504795
2025-05-01,552.140442,479.359650,193.979599,84.839142,297.459991,73.866997,26.659512
2025-05-02,560.336609,486.475220,198.342575,83.920837,297.980011,74.093407,26.620832
2025-05-05,557.123352,483.589203,196.819000,83.452095,306.880005,74.065102,26.572483
2025-05-06,552.466736,479.091003,194.672134,83.729515,315.480011,74.008499,26.408098
2025-05-07,554.790161,480.971863,195.315201,84.083458,310.750000,74.074539,26.601494
2025-05-08,558.655762,485.937866,199.035095,83.145996,304.630005,74.055672,26.823896
2025-05-09,557.944031,485.619415,198.669067,83.270355,306.839996,74.102844,26.746540
2025-05-12,576.382629,505.403656,205.653778,82.495522,298.190002,74.838676,27.123659
2025-05-13,580.189026,513.106384,206.405685,82.160736,299.459991,74.970757,26.891584
2025-05-14,580.930481,516.181519,204.575409,81.615471,293.160004,74.697174,26.949604
2025-05-15,583.767944,516.748779,205.911026,82.332916,297.839996,74.838676,26.881916
2025-05-16,587.465576,518.997803,207.612686,82.552910,294.239990,74.923576,26.959272
2025-05-19,588.108154,519.495483,206.742065,82.313774,298.029999,74.885849,26.775549
2025-05-20,586.130798,517.763855,206.850876,81.720703,303.579987,74.848106,26.698191
2025-05-21,576.254028,510.568634,201.043472,80.324097,305.820007,74.348114,26.582153
2025-05-22,576.481506,511.524017,201.033554,80.744987,303.109985,74.499077,26.659512
2025-05-23,572.546570,506.786926,200.400406,80.878914,309.750000,74.480194,26.466118
2025-05-27,584.450195,518.709167,205.485596,82.007652,304.500000,74.933014,26.611164
2025-05-28,581.068909,516.410339,203.318954,81.653732,303.809998,74.885849,26.698191
2025-05-29,583.362549,517.425415,203.922440,82.409454,305.609985,74.999054,26.553143
2025-05-30,582.710144,516.609436,202.883636,82.533798,303.600006,75.065086,26.543476
2025-06-02,585.992493,520.689636,203.516815,81.765671,311.670013,75.051826,26.359749
2025-06-03,589.334106,524.759888,206.801407,81.621658,308.910004,75.194008,26.533806
2025-06-04,589.175903,526.222839,206.217728,82.946655,310.899994,75.336174,26.417767
2025-06-05,586.328552,522.262024,206.306747,83.004257,309.329987,75.175041,26.398428
2025-06-06,592.349548,527.367310,209.640793,81.948105,305.179993,75.165573,26.533806
2025-06-09,592.883423,528.143616,211.085251,82.034515,306.619995,75.203476,26.466118
2025-06-10,596.244873,531.636719,212.222977,82.456970,306.709991,75.383583,26.495125
2025-06-11,594.544434,529.845337,211.352371,82.706612,308.369995,75.364632,26.398428
2025-06-12,596.907288,531.089355,210.511444,83.695564,312.200012,75.449928,26.205034
2025-06-13,590.233887,524.421570,206.662903,82.889038,316.290009,75.222450,26.272722
2025-06-16,595.849426,531.716248,209.099442,82.053711,311.779999,75.374084,26.301731
2025-06-17,590.757812,526.531372,206.897034,83.052261,311.940002,75.288795,26.475786
2025-06-18,590.668823,526.441772,207.988312,83.196297,310.260010,75.402527,26.524136
2025-06-20,589.281677,524.292236,207.551804,83.042648,310.130005,75.639503,26.495125
2025-06-23,595.102234,529.683228,210.091507,83.311493,311.079987,75.781677,26.388760
2025-06-24,601.676453,537.783142,212.770126,83.916389,306.190002,75.990204,26.253382
2025-06-25,602.013611,539.157959,210.289932,84.022003,307.119995,75.971252,26.185694
2025-06-26,606.723633,544.199219,213.702682,84.444473,306.779999,76.189247,26.079325
2025-06-27,609.738037,546.062378,213.772095,83.906792,301.220001,76.151344,26.127676
2025-06-30,612.653320,549.599182,214.079651,84.732521,304.829987,76.445175,25.992298
2025-07-01,612.455078,544.966431,216.282059,84.942612,307.549988,76.348984,25.982630
2025-07-02,615.231567,548.762329,219.278107,84.402931,309.250000,76.491829,25.963289
2025-07-03,620.080444,554.162292,221.311874,83.815048,307.140015,76.539467,26.088995
2025-07-07,615.459473,549.987793,217.988434,83.015167,307.369995,76.282326,26.176023
2025-07-08,615.122437,550.296692,219.496368,82.909142,304.160004,76.177567,26.195364
2025-07-09,618.811096,554.192139,221.877350,83.776505,305.519989,76.387085,26.195364
2025-07-10,620.556274,553.395142,223.018234,83.834312,306.200012,76.310898,26.243711
2025-07-11,618.374878,552.149841,219.942810,82.677856,309.140015,76.215660,26.321070
2025-07-14,619.554810,554.152344,221.420990,82.504379,308.010010,76.272781,26.388760
2025-07-15,616.907288,554.660461,217.085648,81.926155,306.730011,76.044235,26.533806
2025-07-16,618.969727,555.228333,219.268204,82.041794,308.260010,76.244247,26.437107
2025-07-17,622.757629,559.721680,222.145203,82.022514,307.589996,76.320427,26.553143
2025-07-18,622.301514,559.183655,220.567810,82.147812,308.390015,76.425171,26.514465
2025-07-21,623.481506,562.082886,219.674942,82.880241,313.130005,76.529945,26.340410
2025-07-22,623.570740,559.173645,221.500381,83.381371,316.100006,76.663269,26.205034
2025-07-23,628.875732,561.724182,224.883331,82.918785,312.179993,76.701355,26.166353
2025-07-24,629.083984,562.919800,221.778152,82.774223,310.269989,76.606117,26.234041
2025-07-25,631.741455,564.274780,222.601578,83.294640,307.399994,76.653748,26.292061
2025-07-28,631.582825,566.038147,222.343628,82.754951,305.410004,76.615646,26.591824
2025-07-29,629.916931,565.161438,220.924957,84.152351,306.250000,76.663269,26.659512
2025-07-30,629.123657,565.918701,219.803925,83.718681,300.959991,76.501366,26.920595
2025-07-31,626.763672,562.919800,217.651123,83.766861,302.959991,76.548981,26.978613
2025-08-01,616.490723,551.830933,213.216553,84.957741,309.109985,76.552818,26.659512
2025-08-04,625.861328,562.013123,217.988434,85.189934,310.910004,76.811249,26.649841
2025-08-05,622.688232,558.197327,219.099548,85.451118,311.160004,76.772949,26.649841
2025-08-06,627.457764,565.221252,218.811844,84.957741,310.500000,76.849533,26.495125
2025-08-07,626.932251,567.134155,218.097549,84.812630,313.119995,76.772949,26.475786
2025-08-08,631.820740,572.424500,218.573746,84.445023,313.049988,76.782524,26.524136
2025-08-11,630.571350,570.730713,218.524155,84.541756,308.549988,76.782524,26.630503
2025-08-12,637.284424,577.904114,225.012314,84.116096,308.269989,76.954819,26.495125
2025-08-13,639.465942,578.193115,229.387375,84.812630,309.209991,77.155815,26.427437
2025-08-14,639.525391,577.744751,226.430969,84.183815,307.250000,76.954819,26.524136
2025-08-15,638.028076,575.204224,225.329773,83.584023,307.429993,77.012238,26.437107
2025-08-18,637.889343,574.974976,226.153198,83.342171,306.950012,76.954819,26.504795
2025-08-19,634.428650,567.174011,224.417084,83.825882,305.269989,76.935677,26.572483
2025-08-20,632.742920,563.806458,223.623413,84.009674,308.359985,76.906952,26.553143
2025-08-21,630.204529,561.196228,224.178970,83.593704,307.290009,76.763374,26.688520
2025-08-22,639.882446,569.854004,232.968765,84.212837,310.579987,77.385536,26.427437
2025-08-25,637.066284,568.210144,230.518326,83.970978,309.829987,77.232384,26.640171
2025-08-26,639.733643,570.491638,232.423096,83.922623,312.079987,77.404663,26.572483
2025-08-27,641.191284,571.368408,234.069946,83.825882,312.709991,77.500389,26.582153
2025-08-28,643.461975,574.945129,234.347717,84.377296,315.029999,77.538673,26.485455
2025-08-29,639.624573,568.289917,233.306046,83.777504,318.070007,77.395096,26.466118
2025-09-02,634.884827,563.527466,232.046112,83.154060,325.589996,77.311440,26.640171
2025-09-03,638.325562,567.961060,231.817932,84.066887,328.140015,77.523010,26.591824
2025-09-04,643.660339,573.101929,234.714798,84.707802,326.690002,77.734589,26.630503
2025-09-05,641.796143,573.928894,235.885452,85.999344,331.049988,77.773048,26.495125
2025-09-08,643.372803,576.728516,236.361649,87.145233,334.820007,77.773048,26.408098
2025-09-09,644.860168,578.362427,234.972748,86.649971,334.059998,77.686501,26.514465
2025-09-10,646.724304,578.551697,234.556046,87.145233,335.260010,77.744202,26.533806
2025-09-11,652.098816,581.919250,238.891434,87.727875,334.760010,77.936546,26.446777
2025-09-12,651.880554,584.489685,236.450912,87.349159,335.420013,77.859604,26.485455
2025-09-15,655.351135,589.491089,237.452927,87.553093,338.910004,78.080795,26.398428
2025-09-16,654.448853,588.992920,237.061920,87.737579,339.589996,78.023094,26.234041
2025-09-17,653.635742,587.817383,237.668808,87.514236,336.970001,77.946167,26.321070
2025-09-18,656.689758,593.117676,243.588394,86.611122,335.619995,78.119270,26.446777
2025-09-19,659.942322,597.132690,241.737885,86.446037,339.179993,78.148125,26.524136
2025-09-22,663.064514,600.667725,243.140686,86.135300,345.049988,78.205826,26.427437
2025-09-23,659.455139,596.677917,242.593491,86.737366,346.459991,78.148125,26.408098
2025-09-24,657.356995,594.583252,240.364960,86.407204,343.320007,78.042320,26.601494
2025-09-25,654.324280,592.019836,238.066757,86.407204,344.750000,77.821136,26.785219
2025-09-26,658.072998,594.453552,240.106277,86.329521,346.739990,77.975006,26.688520
2025-09-29,659.922424,597.206543,240.384842,87.038406,352.459991,78.109650,26.630503
2025-09-30,662.408264,598.842407,240.723114,86.785934,355.470001,78.080795,26.601494
2025-10-01,664.665466,601.715027,241.250397,87.010056,356.029999,78.226692,26.591824
2025-10-02,665.430969,604.188721,242.772583,87.263420,354.790009,78.197716,26.630503
2025-10-03,665.421143,601.645264,244.573318,87.097763,357.640015,78.110756,26.582153
2025-10-06,667.807495,606.163696,245.548309,86.405884,364.380005,78.130081,26.707861
2025-10-07,665.331604,602.971863,242.911865,86.902870,366.260010,78.043114,26.862577
2025-10-08,669.299011,609.884216,245.458786,86.971069,372.299988,77.927170,26.920595
2025-10-09,667.360046,609.146118,243.876907,86.902870,365.429993,77.704926,27.104321
2025-10-10,649.322754,588.000061,236.574417,88.306099,369.119995,77.250793,26.968943
2025-10-13,659.286011,600.478210,243.160599,88.257362,378.089996,77.733917,27.065641
2025-10-14,658.480591,596.478455,246.632751,88.539970,380.790009,77.820885,26.988283
2025-10-15,661.403992,600.687683,249.050323,88.345078,387.390015,78.072098,26.910925
2025-10-16,656.899658,598.463379,243.807266,89.007706,396.450012,77.791893,26.804558
2025-10-17,660.628418,602.393311,242.165695,88.871269,388.989990,77.994804,26.833567
2025-10-20,667.499268,609.983948,246.891418,89.212349,403.149994,78.149399,26.901255
2025-10-21,667.489258,609.824402,245.727417,89.650864,377.239990,78.033455,27.007624
2025-10-22,664.019104,603.949341,242.096054,89.709328,377.279999,77.956154,26.978613
2025-10-23,667.956665,609.026428,245.160309,89.095421,378.790009,78.130081,26.988283
2025-10-24,673.415588,615.529785,248.154922,89.134392,377.519989,78.342651,26.988283
2025-10-27,681.360352,626.491882,249.020477,89.436470,367.010010,78.535896,26.959272
2025-10-28,683.170044,631.309570,247.687332,89.670341,364.380005,78.458588,26.939936
2025-10-29,683.498169,634.152344,245.578156,88.764091,363.000000,78.217026,27.094650
2025-10-30,675.980957,624.457031,243.598343,88.247620,370.130005,78.072098,27.201017
2025-10-31,678.198364,627.469421,244.971283,87.984528,368.119995,78.072098,27.278376
2025-11-03,679.471130,630.471680,244.185318,87.764465,368.779999,77.829315,27.297714
2025-11-04,671.416992,617.674316,239.966995,87.960075,362.320007,77.839027,27.384743
2025-11-05,673.743713,621.694153,243.429199,87.001640,366.510010,77.916710,27.394413
2025-11-06,666.514893,610.113647,239.121338,87.784035,366.070007,77.945847,27.249367
2025-11-07,667.171082,608.188538,240.374908,87.598228,368.309998,78.013832,27.230026
2025-11-10,677.581909,621.644226,242.782532,87.578659,378.380005,78.276039,27.249367
2025-11-11,679.132996,619.988464,242.991470,87.979637,379.869995,78.363457,27.210688
2025-11-12,679.510864,619.499695,242.394516,88.136108,385.989990,78.208054,27.220356
2025-11-13,668.235046,606.851990,235.579529,87.412392,382.869995,77.887573,27.143000
2025-11-14,668.125732,607.310791,236.266006,86.913635,375.959991,77.906998,27.181679
2025-11-17,661.901123,602.124023,231.570129,87.128777,371.649994,77.780746,27.249367
2025-11-18,656.342834,594.792664,232.276520,87.099442,374.350006,77.800186,27.278376
2025-11-19,658.878418,598.343628,232.236694,86.923409,374.959991,77.839027,27.452431
2025-11-20,648.835571,584.179749,227.938797,87.265701,374.850006,77.790459,27.471771
2025-11-21,655.298767,588.568604,234.395630,87.529762,374.269989,78.052673,27.452431
2025-11-24,664.943787,603.620178,238.673645,88.028526,380.200012,78.266335,27.452431
2025-11-25,671.198181,607.340759,243.876907,88.253464,380.079987,78.538254,27.375072
2025-11-26,675.831848,612.707031,246.035812,88.644676,383.119995,78.615952,27.297714
2025-11-28,679.520813,617.674316,247.478409,88.224136,387.880005,78.654800,27.278376
2025-12-01,676.418518,615.599609,244.364395,87.125854,389.750000,78.513329,27.268707
2025-12-02,677.671387,620.417297,243.916702,87.165100,387.239990,78.659676,27.259037
2025-12-03,680.018005,621.933472,248.353897,87.410477,386.880005,78.727982,27.123659
2025-12-04,680.515137,621.354980,250.532715,86.939362,387.130005,78.786514,27.181679
2025-12-05,681.807800,623.888489,249.488083,86.536957,386.440002,78.786514,27.152668
2025-12-08,679.759460,622.691528,249.587555,86.252335,385.420013,78.591385,27.191349
2025-12-09,679.172729,623.459534,250.104904,86.340668,387.399994,78.503571,27.230026
2025-12-10,683.677185,626.013062,253.507416,86.674377,389.049988,78.766998,27.084980
2025-12-11,685.268066,623.988281,256.482147,86.556602,393.239990,78.757248,26.988283
2025-12-12,677.900024,612.058655,252.552338,85.722336,395.440002,78.610886,27.026962
2025-12-15,676.875854,608.986511,250.642136,85.781235,395.799988,78.649925,27.007624
2025-12-16,675.026428,610.193420,249.456253,86.252335,395.890015,78.698715,26.978613
2025-12-17,667.598694,598.882263,246.800980,86.173820,399.290009,78.601128,27.036631
2025-12-18,672.639954,607.560120,248.268372,86.586044,398.570007,78.815788,27.055971
2025-12-19,678.736389,615.479980,250.344666,86.262871,399.019989,78.777550,27.143000
2025-12-22,682.964844,618.430237,253.129730,86.075653,408.230011,78.846176,27.030001
2025-12-23,686.086304,621.326538,251.632385,86.213593,413.640015,78.904999,26.940001
2025-12-24,688.499695,623.144287,252.261276,86.735802,411.929993,79.052048,26.950001
2025-12-26,688.429871,623.104309,250.973557,86.450066,416.739990,79.012825,26.969999
2025-12-29,685.976562,620.088135,249.436295,86.775215,398.600006,79.042236,26.980000
2025-12-30,685.138916,618.649902,247.589569,86.568306,398.890015,79.120667,27.049999
2025-12-31,680.062744,613.536377,245.722900,85.878601,396.309998,79.042236,27.030001
2026-01-02,681.309326,612.347900,248.338242,85.750511,398.279999,79.081451,27.110001
2026-01-05,685.846924,617.211731,252.281235,86.174187,408.760010,79.287315,27.070000
2026-01-06,689.925781,622.634888,255.625275,85.996834,413.179993,79.306915,27.160000
2026-01-07,687.701904,623.234192,255.026352,86.499329,409.230011,79.287315,27.200001
2026-01-08,687.632080,619.688599,257.811371,86.065804,411.489990,79.346138,27.270000
2026-01-09,692.179626,625.860840,259.767914,86.637283,414.470001,79.404945,27.330000
2026-01-12,693.266663,626.380188,261.035645,86.381096,422.230011,79.444168,27.280001
2026-01-13,691.880493,625.451355,260.885925,86.528893,421.630005,79.444168,27.350000
2026-01-14,688.479736,618.769775,262.722656,87.031403,425.940002,79.444168,27.330000
2026-01-15,690.354614,620.997009,265.038544,87.011688,423.329987,79.444168,27.430000
2026-01-16,689.776184,620.477661,265.288116,86.509193,421.290009,79.493179,27.430000
2026-01-20,675.734558,607.294250,262.113739,85.376099,437.230011,79.287315,27.209999
2026-01-21,683.533264,615.503906,267.314484,86.026390,443.600006,79.522598,27.270000
2026-01-22,687.103516,619.978271,269.310944,86.400803,451.790009,79.581413,27.150000
2026-01-23,687.352783,621.935791,264.339783,86.637283,458.000000,79.542198,26.910000
2026-01-26,690.843262,624.672363,263.511261,87.051094,464.700012,79.581413,26.780001
2026-01-27,693.595764,630.335205,264.259949,86.509193,476.100006,79.571602,26.469999
2026-01-28,693.525940,632.422546,262.832458,86.312126,494.559998,79.444168,26.629999
2026-01-29,692.149719,628.637329,262.902344,86.331825,495.899994,79.434364,26.590000
2026-01-30,690.085327,621.086853,259.188934,85.849030,444.950012,79.522598,26.850000
2026-02-02,693.515991,625.351501,261.714447,85.603752,427.130005,79.570862,26.990000
2026-02-03,687.652039,615.743591,262.313385,85.811455,454.290009,79.521606,26.920000
2026-02-04,684.321106,604.987183,260.057404,85.593857,453.970001,79.423088,27.010000
2026-02-05,675.774475,596.278198,255.375732,86.523582,441.880005,79.334419,27.090000
2026-02-06,688.739014,608.882263,264.549408,86.582924,455.459991,79.610268,27.010000
2026-02-09,692.059998,613.546387,266.406097,86.563141,467.029999,79.718636,26.790001
2026-02-10,690.234924,610.699951,265.687378,87.562103,462.399994,79.639824,26.799999
2026-02-11,690.075439,612.337891,264.479553,87.097237,467.630005,79.629974,26.830000
2026-02-12,679.414551,599.883606,259.079163,88.254456,451.390015,79.590569,26.820000
2026-02-13,679.893188,601.161987,262.493073,88.739090,462.619995,79.649673,26.820000
2026-02-17,680.990173,600.542725,262.572937,88.887459,448.200012,79.610268,26.910000
2026-02-18,684.420837,605.027100,263.521240,88.551170,458.279999,79.708786,27.080000
2026-02-19,682.615723,602.710022,264.130157,88.640190,459.559998,79.738342,27.120001
2026-02-20,687.552307,608.043335,264.140137,88.432487,468.619995,79.797440,27.090000
2026-02-23,680.531494,600.652588,260.027435,88.758873,481.279999,79.669380,27.090000
2026-02-24,685.477905,607.104492,262.862396,88.917122,474.609985,79.610268,27.110001
2026-02-25,691.262207,615.903381,264.110168,88.927017,473.420013,79.718636,27.080000
2026-02-26,687.422607,608.472778,265.517670,89.283073,477.480011,79.649673,27.100000
2026-02-27,684.121643,606.525208,260.945831,89.827065,483.750000,79.521606,27.080000
2026-03-02,684.510620,607.324219,263.341553,88.925011,490.000000,79.476067,27.330000
2026-03-03,678.477112,600.822449,258.779663,88.746391,468.140015,79.317673,27.459999
2026-03-04,683.263977,609.980896,261.295197,88.468529,471.799988,79.594864,27.410000
2026-03-05,679.454407,608.143127,256.304077,88.111282,466.130005,79.278069,27.480000
2026-03-06,670.548706,598.994690,250.444504,87.783806,473.510010,78.891975,27.469999
2026-03-09,676.422729,606.994629,253.169647,88.547920,472.529999,79.367165,27.459999
2026-03-10,675.335632,607.004639,252.910110,87.605179,477.859985,79.238472,27.450001
2026-03-11,674.487976,606.924744,252.401031,86.473900,476.239990,79.060280,27.549999
2026-03-12,664.245911,596.507874,246.970688,86.305191,466.880005,78.555374,27.680000
2026-03-13,660.486206,592.972290,246.152130,85.878487,460.839996,78.406876,27.889999
2026-03-16,667.207886,599.623901,248.477997,86.543358,460.429993,78.654373,27.730000
2026-03-17,668.963013,602.550232,250.050003,86.781525,459.269989,79.010773,27.680000
2026-03-18,659.628540,594.150879,246.020004,86.295265,444.739990,78.604881,27.850000
2026-03-19,658.002991,592.273193,247.630005,86.821220,426.410004,78.862282,27.580000
2026-03-20,648.570007,581.326965,242.220001,85.173912,413.380005,78.129684,27.680000
2026-03-23,655.380005,588.000000,247.449997,85.729630,404.040009,78.644478,27.559999
2026-03-24,653.179993,583.979980,248.779999,85.352531,404.130005,78.377182,27.650000
2026-03-25,656.820007,587.820007,251.820007,86.176186,416.290009,78.624680,27.700001
2026-03-26,645.090027,573.789978,247.440002,85.451767,400.640015,78.129684,27.809999
2026-03-27,634.090027,562.580017,243.100006,84.985359,414.700012,77.931694,27.840000
2026-03-30,631.969971,558.280029,239.610001,86.116646,414.579987,78.020790,27.980000
2026-03-31,650.340027,577.179993,248.000000,86.027336,430.290009,78.763275,27.780001
2026-04-01,655.239990,584.309998,249.559998,85.942650,437.820007,78.956268,27.730000
2026-04-02,655.830017,584.979980,251.289993,86.470695,429.410004,79.145271,27.860001
2026-04-06,658.929993,588.500000,252.360001,86.331215,427.649994,79.284546,27.830000
2026-04-07,659.219971,588.590027,252.910004,86.321251,431.809998,79.304443,27.750000
2026-04-08,676.010010,606.090027,260.470001,86.600220,434.529999,79.771996,27.530001
2026-04-09,679.909973,610.190002,261.959991,86.381027,437.910004,79.861519,27.480000
2026-04-10,679.460022,611.070007,261.299988,86.171799,437.130005,79.543190,27.440001
2026-04-13,686.099976,617.390015,265.070007,86.430847,435.359985,79.841629,27.379999
2026-04-14,694.460022,628.599976,268.720001,86.889153,445.089996,80.080376,27.320000
2026-04-15,699.940002,637.400024,269.390015,86.510551,440.459991,80.040581,27.290001
2026-04-16,701.659973,640.469971,269.950012,85.962570,440.079987,79.931152,27.370001
2026-04-17,710.140015,648.849976,275.779999,86.749664,445.929993,80.229599,27.360001
2026-04-20,708.719971,646.789978,277.350006,86.729744,442.089996,80.159958,27.320000
2026-04-21,704.080017,644.330017,274.510010,86.251503,429.570007,79.951057,27.469999
2026-04-22,711.210022,655.109985,276.480011,86.420876,435.260010,80.080376,27.480000
2026-04-23,708.450012,651.419983,275.519989,86.231583,431.040009,79.951057,27.530001
2026-04-24,713.940002,663.880005,276.649994,86.390991,433.250000,80.060486,27.480000
2026-04-27,715.169983,664.229980,277.140015,85.962570,429.890015,80.090324,27.450001
2026-04-28,711.690002,657.549988,273.910004,86.052246,421.910004,79.980896,27.530001
2026-04-29,711.580017,661.570007,272.079987,85.384705,417.410004,79.712303,27.610001
2026-04-30,718.659973,667.739990,277.970001,85.305000,423.660004,79.960999,27.360001
2026-05-01,720.650024,674.150024,279.279999,85.610001,423.179993,80.059998,27.410000
2026-05-04,718.010010,672.880005,277.880005,84.959999,414.709991,79.800003,27.480000
2026-05-05,723.770020,681.609985,282.559998,85.430000,418.269989,79.919998,27.500000
2026-05-06,733.830017,695.770020,286.799988,86.080002,430.959991,80.160004,27.350000
2026-05-07,731.580017,694.940002,282.260010,85.650002,431.679993,79.860001,27.410000
2026-05-08,737.619995,711.229980,284.170013,86.080002,433.769989,80.139999,27.340000
2026-05-11,739.299988,713.289978,285.329987,85.559998,434.649994,79.980003,27.350000
2026-05-12,738.179993,707.239990,282.570007,84.989998,432.929993,79.870003,27.450001
2026-05-13,742.309998,714.710022,282.670013,84.800003,430.500000,79.910004,27.510000
2026-05-14,748.169983,719.789978,284.450012,84.919998,427.209991,79.849998,27.620001
2026-05-15,739.169983,708.929993,277.600006,83.660004,417.290009,79.459999,27.770000
2026-05-18,738.650024,705.880005,275.970001,83.559998,418.429993,79.540001,27.700001
2026-05-19,733.729980,701.530029,273.000000,83.019997,411.500000,79.349998,27.790001
2026-05-20,741.250000,713.150024,279.869995,83.910004,417.399994,79.860001,27.730000
2026-05-21,742.719971,714.510010,282.489990,84.220001,416.989990,79.900002,27.730000
2026-05-22,745.640015,717.539978,285.119995,84.680000,413.820007,79.910004,27.770000
